galaxy,n_points,D_Mpc,R_last,Mbar_proxy,Sigma_bar_proxy,gdag_fixed_si,gdag_fixed_kpc,chi2_fixed,chi2_red_fixed,sigma_lo_fixed_si,sigma_hi_fixed_si,gdag_free_si,gdag_free_kpc,ml_disk_best,chi2_free,chi2_red_free,chi2_red_base_cH0,chi2_red_base_cH0_2pi,ml_mond,chi2_red_mond,ml_lcdm,rho_s,r_s_kpc,chi2_red_lcdm,ratio_cH0,ratio_cH0_2pi,ratio_a0,flag_ml_edge,flag_bad_fit,flag_low_points,flag_bulge_sensitive,flag_low_quality
UGC07866,7,4.57,2.32,183023753.57773122,10823846.271228036,3.3418869031185936e-11,1031.1985496832658,0.3194308689638943,0.06388617379277886,8.735024581962038e-12,1.0286329936395566e-11,2.3531546973899178e-11,726.1076695517172,0.7233077285199792,0.20528301694358422,0.04105660338871685,43.40902264620474,3.80149915035253,0.10000546443110717,1.0992477752311702,0.8713446741407315,31456.16571924423,316.22776601683796,0.04092099192620597,0.049138687313535025,0.3087474781424952,0.2784905752598828,False,False,True,False,True
UGCA281,7,5.68,1.08,60009656.561053365,16376600.608605335,6.851676170626655e-11,2114.206355534129,0.6046980688885975,0.12093961377771949,1.0391053502073957e-11,1.086241737660807e-11,9.705248115313107e-11,2994.7266532232998,0.3319704808613982,0.5142989034599033,0.10285978069198065,64.51843675405014,1.5559584432974487,0.2467053321768678,0.09359257229309481,0.9138788608911387,99990.24795782249,181.79572037886146,0.221229736959193,0.10074619000656063,0.6330069808035446,0.5709730142188879,False,False,True,False,True
F583-4,12,53.3,7.29,1556051280.5429552,9320065.745882792,7.988201908462071e-11,2464.901554536797,1.2497374624794364,0.12497374624794363,8.501968228512514e-12,7.980250408005205e-12,9.687694917381829e-11,2989.3103022892974,0.4170538213522327,1.2230480363902207,0.12230480363902207,61.74012459348081,0.8397487232130558,0.3375295560831441,0.11505552949696604,1.0200817745919455,49172.557857054846,316.22776601683796,0.1272685163049222,0.11745752239879788,0.7380073789538439,0.6656834923718393,False,False,False,False,False
UGC07577,9,2.59,1.69,60364577.84515369,6727580.2329832455,2.030381267616587e-12,62.65101959364527,1.4142199034590148,0.20203141477985925,1.3055963006537698e-12,1.85588439319619e-12,8.501885453090619e-12,262.340773430093,0.1,0.5876809700715104,0.08395442429593006,74.69641476243369,18.128801094871314,0.10000546443110717,9.35989849266084,0.1,10516.5330243675,316.22776444690646,0.14935384814383199,0.0029854472377137116,0.018758118219362675,0.01691984389680489,True,False,False,False,True
F571-V1,7,80.1,13.59,3737053934.6324387,6440811.360317957,8.831924017144117e-11,2725.246994113678,1.035382986609419,0.20707659732188383,1.2085794539717831e-11,1.4001835831645101e-11,8.626361126399329e-11,2661.816913757903,0.5241928895762225,1.0329068147307707,0.20658136294615415,55.228142713440114,0.4958218385853617,0.2535136270140159,0.26581159391814063,0.5895165521876259,1025769.8435689701,28.092213494830062,0.3979909668893243,0.12986350682614467,0.815956478028848,0.7359936680953431,False,False,True,False,True
NGC1705,14,5.73,6.0,549278501.5264213,4856688.258446619,4.1232826880613943e-10,12723.120952702508,2.563891144323595,0.2136575953602996,2.4242854060758198e-11,2.5757252568614607e-11,2.4064802163276934e-10,7425.622053824859,0.9150181827507158,1.065554045364874,0.08879617044707283,4.229832980177879,17.64505232716672,1.6370956525434952,0.2843085510423701,1.2801893604268832,44744246.33681438,2.8810945598202062,0.07108334596261844,0.606282332669266,3.809384244630098,3.4360689067178285,False,False,False,False,False
UGCA444,36,0.98,2.62,124574347.52180356,5776651.474431163,5.438369891926058e-11,1678.1056055373867,8.163229357550165,0.24009498110441663,4.939498353450639e-12,5.432956508391719e-12,3.989026016192161e-11,1230.8848150149972,2.5,5.111469659658938,0.15033734293114523,31.715019335464167,1.589846134658539,0.10000546443110717,1.855523378266323,0.1,54661.64426733594,289.6110360843939,0.06045985628260426,0.07996511113686078,0.5024356113821064,0.45319749099383816,True,False,False,False,True
DDO064,14,6.8,2.98,443164546.80521107,15884831.365057645,9.354784934370157e-11,2886.5850151659183,3.0425535681523477,0.2535461306793623,1.554931551690611e-11,1.6723421315049655e-11,1.1335861574569681e-10,3497.88139275391,0.3524519026726631,2.79956584622807,0.23329715385233918,17.46483457951251,0.2883243842863163,0.32271680451584556,0.21684346617804273,0.5430894318616282,78903.91010569347,316.2277658500328,0.6127061604646045,0.1375515883994805,0.86426211921083,0.7795654111975131,False,False,False,False,False
UGC05005,11,53.7,28.61,12345573779.967499,4800933.506181425,5.258178365011197e-11,1622.5043100397982,2.733648522722175,0.30373872474690833,8.740027164209042e-12,1.0482386069370024e-11,7.091410796574212e-11,2188.1807316134887,0.27694245676009305,1.433786970022453,0.1593096633358281,39.55320911260574,2.0960160260561156,0.10581746934813972,0.5433561795125924,0.1,477337.6835517653,48.153176149963556,0.2157224606236563,0.07731559744764675,0.48578822589886556,0.4381815304175997,False,False,False,False,False
UGC04483,8,3.34,1.21,50312352.037127025,10938405.1981263,3.923783384922442e-11,1210.7530425483492,1.862932660229057,0.3104887767048428,6.522025498201451e-12,7.014493989483485e-12,4.597921850189212e-11,1418.7704374578161,0.31384012409794765,1.6258275857723898,0.2709712642953983,81.9875204589659,6.135356390367886,0.10000546443110717,3.6706802187791174,0.1651024178507881,5214502.399138741,3.9262703481843846,0.46679462007173783,0.057694820449435684,0.36250724814825863,0.32698194874353687,False,False,False,False,False
F565-V2,7,51.8,8.8,1860751571.1791227,7648445.5170239685,1.8073891471673287e-10,5577.020172445028,1.6304461647131343,0.32608923294262687,2.4732701327115323e-11,2.865374076295229e-11,1.9284928591588747e-10,5950.707181572729,0.40417193388272,1.6132009623538641,0.3226401924707728,16.946762776585924,1.7863132730504667,1.1750960496460094,0.3679296047276355,0.1,96153.71423876341,293.1890301899224,0.46385418556741076,0.2657562411033525,1.66979570939186,1.5061576226394406,False,False,True,False,True
UGC06399,9,18.0,7.85,2726352011.551044,14082920.986551369,1.4609129962616902e-10,4507.906481074079,2.7537993368736315,0.39339990526766166,1.326900796189419e-11,1.4594587953676312e-11,1.1734316346842703e-10,3620.8316885580207,0.6293868382752086,2.6218780543668414,0.3745540077666916,49.58519205638919,1.4481684813615796,0.6200114811913825,0.3289462556988471,1.3125922164197923,77832.50505291202,316.22776601683796,0.5572302339637875,0.2148108209424801,1.349696193968976,1.2174274968847418,False,False,False,False,False
UGC07608,8,8.21,4.78,793499049.2709684,11054541.76486704,2.176483131982717e-10,6715.925206853187,2.531959951057282,0.42199332517621363,3.929173150375035e-11,4.338905012185884e-11,2.317001098783243e-10,7149.518346806318,0.42044014578245614,2.514104320118511,0.41901738668641847,6.989557603963634,1.8749633533253094,1.3728741251261336,0.5148141410959112,0.1,108020.4399227471,316.22776601683796,0.5036843943643048,0.3200273592917779,2.0107912017975815,1.8137359433189308,False,False,False,False,False
F563-V1,6,54.0,7.87,1242416201.3387866,6385100.959864745,1.9518179022108087e-12,60.22680744005402,1.7633223932446889,0.4408305983111722,1.1515760666760427e-12,1.5949910282968439e-12,3.422853640820288e-13,10.561822744205267,0.8778527570568553,1.0356200355578777,0.25890500888946943,155.23754372165072,37.82915478372145,0.10000546443110717,24.524022791951886,0.861000629749654,2623211.2464677943,1.316826794138138,0.25750641474914127,0.002869928647202136,0.01803229350875425,0.01626514918509007,False,False,True,False,True
UGC07559,7,4.97,2.53,229571245.0388406,11416331.590773873,2.3033913388103486e-11,710.7523015568479,2.4330011723940252,0.48660023447880507,5.113617627338354e-12,6.06464602760918e-12,3.995450857747127e-11,1232.8673139700763,0.19182715807394868,1.6655302326675716,0.33310604653351433,86.90246167437057,10.52466341934053,0.10000546443110717,3.7936156735964617,0.1,39287.26648005504,316.22776601683796,0.4060706057058589,0.03386877833983058,0.21280381043694574,0.19194927823419572,False,False,True,False,True
NGC3521,41,7.7,17.74,52152010266.19948,52748965.87209792,1.3279471865189505e-10,4097.616862846061,20.912218423036673,0.5362107287958121,7.807669829766e-12,8.295398028368312e-12,1.5126142717231832e-10,4667.439947700118,0.4785350434308282,19.53769519491259,0.5009665434592971,30.59084777441109,0.725018127738245,0.5299239398132846,0.517885832213725,0.1,658841480.6448983,2.33853780983822,0.33935285335659054,0.1952596944748481,1.2268528434087405,1.1066226554324587,False,False,False,False,False
UGC07089,12,18.0,9.16,3688963172.9099193,13994696.98929692,3.9173800544938395e-11,1208.7771812333071,5.629056547556136,0.5629056547556136,4.169328860733235e-12,4.665931217876803e-12,1.1374963091942529e-10,3509.946860309879,0.14524325270338773,1.589254249272241,0.1589254249272241,119.64011438813833,8.933326927482343,0.13385354682802889,0.1459490100746012,0.24045780887232113,68330.4537089139,316.22776601683796,0.20407723039177664,0.05760066667918011,0.36191566256237323,0.3264483378744866,True,False,False,False,True
UGC05829,11,8.64,6.91,2251375076.204804,15008658.863154223,6.070084186990826e-11,1873.0322693562844,5.0727888322411125,0.5636432035823459,8.306433590274936e-12,8.41628741979418e-12,3.244889325245124e-11,1001.2682245329529,1.3873574995887656,0.48905400727376075,0.05433933414152897,56.45510254300916,2.3672010562566634,0.24587423508924483,2.425745105968887,0.904024653214238,51815.19090566542,316.22776601683796,0.08705486320250728,0.08925375917211006,0.5607979082407472,0.5058403489159021,False,False,False,False,False
NGC4559,32,9.0,20.97,23395922624.863113,16935321.385581717,5.752999352689019e-11,1775.1901128926854,18.188361849215948,0.6062787283071983,1.4747647130345145e-12,1.513564500401969e-12,6.715799317812352e-11,2072.2791396768594,0.4374297677439131,15.90910551503054,0.5303035171676846,285.45041594105066,10.80287153507246,0.2554360809429366,1.6141229897491973,0.11993657141143865,16303128.997036465,8.033393881521054,0.1963938041870578,0.08459138340167914,0.5315033373034255,0.4794166127240849,False,False,False,False,False
UGC06628,7,15.1,7.69,3714817787.630991,19995624.11410867,2.2473944730566227e-12,69.34734742278425,3.30746862389573,0.6614937247791459,2.112537068455341e-12,2.9566495601296995e-12,3.422853640820288e-13,10.561822744205267,0.6664290966262949,2.4121567566205937,0.48243135132411874,78.85062252824473,17.46261261514051,0.10000546443110717,7.151405654673238,0.1,33844856.107016824,1.678879991298492,0.22250441597590798,0.003304540742496133,0.020763041840228022,0.018728287275471857,False,False,True,False,True
UGC05750,11,58.7,22.85,9131469721.524052,5566963.859533062,4.82824085127493e-11,1489.8394552819848,5.976675278647503,0.6640750309608336,8.02539458841595e-12,9.625288669502899e-12,1.6628390949772475e-11,513.0985316998688,1.28717478627167,4.783527021083564,0.5315030023426182,42.15285582061681,2.849503577668071,0.12507404063070965,1.0541106960140856,1.9539261583115302,17559.31123121861,316.22776601683796,0.6700364186063732,0.07099384998452042,0.44606751512285037,0.40235340427291083,False,False,False,False,False
UGC07323,10,8.0,5.82,3623085827.6504273,34047308.057105854,6.115959802512313e-11,1887.1880051914616,5.844696422427982,0.7305870528034978,5.5549317120062106e-12,6.109871942225221e-12,1.6289155059191483e-10,5026.3080587583845,0.19816875258893155,2.086996132280048,0.260874516535006,134.82399393967404,4.798202539571031,0.27653617794652413,0.301303108773539,0.1,129011.53569533877,316.22776601683796,0.4955902622405909,0.08992830848864218,0.5650362265953498,0.5096633168760261,False,False,False,False,False
NGC7793,46,3.61,7.87,5852365166.209012,30076831.258296296,9.727776401610919e-11,3001.6781560211575,34.76204300236661,0.7900464318719684,5.719449319416391e-12,6.07673091230872e-12,7.591813613480987e-11,2342.588906997925,0.5705828092022265,33.75907805761156,0.7672517740366264,34.33152225338511,0.8245213520101705,0.45895212207609054,0.8307816056532614,0.598676562658309,5465502.214936605,11.31233049934136,0.8984361024909637,0.1430360083127507,0.8987217458282923,0.8106480334675765,False,False,False,False,False
NGC3949,7,18.0,7.07,23369841101.301823,148821973.45775735,5.91844900080483e-11,1826.2425398983448,4.130644358586212,0.8261288717172424,1.0684489378349539e-11,1.1798661637485431e-11,1.765189824501429e-10,5446.80666854074,0.3400192430837925,1.8779372730498445,0.3755874546099689,89.32397038082165,2.8169399522303937,0.41455090443262166,0.348275603078854,0.13173248000909543,74751481.84712094,5.1068575467693185,0.1447297027352632,0.08702413434765235,0.5467887623031916,0.4932040834004025,False,False,True,False,True
NGC5005,18,16.9,11.47,108266858334.14326,261950255.38604352,7.946745843431803e-11,2452.109549488722,13.524032616567748,0.8452520385354843,1.8703232475123353e-11,1.920007825302982e-11,2.045643150535894e-10,6312.195209339979,0.33361986352698597,10.286312655137264,0.642894540946079,16.1732515159071,0.905112129920722,0.45857520549661,0.4834302861545164,0.3493597732056186,444835.60497462406,316.22776601683796,0.48302439073791886,0.11684795760027913,0.7341773703680171,0.6622288202859836,False,False,False,True,False
UGC07261,7,13.1,6.67,2318779344.836325,16590439.173370782,1.100296825925526e-10,3395.161248744505,4.313525816035017,0.8627051632070033,1.5056698115864925e-11,1.5255825205724686e-11,6.052447956361756e-11,1867.590297208871,0.8357585941156495,2.7422600911017234,0.5484520182203447,43.146627620999745,0.7209066930617926,0.4941324377903244,0.7726724345780909,0.3009156844810154,26546057.226862416,3.8593948456089633,0.024893943873818106,0.16178626999846982,1.0165331145577752,0.916914021604605,False,False,True,False,True
UGC08699,41,39.3,25.7,36630022650.78786,17653103.515393052,1.6280981999766878e-10,5023.7861161345145,35.87940483271653,0.9199847393004239,1.4032540518534068e-12,1.4154538153666214e-12,1.3120513658210836e-10,4048.5674852792467,0.604827480990034,32.75925815971017,0.8399809784541069,158.91940247445729,7.328448463501649,0.6858354820284461,0.8825241576792626,0.7490213098204261,3857306.5392359137,24.162398892832872,0.7423275768895788,0.23939352432820682,1.504153874692928,1.3567484999805732,False,False,False,True,False
NGC0300,25,2.08,11.8,2995456466.189713,6847769.368151015,1.5135541486640033e-10,4670.3401049057675,21.240223231967594,0.9234879666072867,6.4111718913848985e-12,6.694750764041567e-12,1.8721207985642665e-10,5776.761177973473,0.38805724470552966,18.122740326404177,0.7879452315827903,76.59944918778581,3.119450150318167,0.6158184551106002,1.1978808445992783,0.5812489319191038,1987119.9618290104,23.00043289706433,0.6677279247505427,0.2225511101943621,1.398329865669721,1.2612951238866694,False,False,False,False,False
KK98-251,15,6.8,3.13,276989582.5534596,8999634.833129605,2.0346929314259564e-11,627.8406363720026,12.008616984064036,0.9237397680049259,2.1655555099874705e-12,2.0326675868040756e-12,2.7429589390041086e-11,846.3886905036325,0.1,9.036439798604095,0.6951107537387765,209.37653871866172,27.2933205319566,0.10000546443110717,21.93687460889556,2.5,12383.896958540241,316.22776601683796,1.7241572360306525,0.029917870542865575,0.18797952461703393,0.16955774428549636,True,False,False,False,True
UGC05918,8,7.66,4.46,403095996.89368063,6450433.3936118325,8.642050481177051e-11,2666.658142788471,5.620612797121428,0.936768799520238,1.3106283292037297e-11,1.5449275663372893e-11,1.7214347320925466e-11,531.1792560818569,2.5,1.2507012104181299,0.20845020173635498,38.95028650077701,1.07396120819843,0.35933417285488883,1.1547733221382883,2.5,2063642.406750261,7.495902926393571,0.10575578660721978,0.127071630086003,0.7984145991157334,0.7201708734314209,True,False,False,False,True
NGC4214,14,2.87,5.63,851773402.7217497,8553766.925937245,2.969642035858798e-10,9163.357855103875,11.951603015567182,0.9959669179639318,2.697231383293665e-11,2.966686037716075e-11,4.2688125164108204e-10,13172.179081478618,0.3457955154592049,11.58638737368149,0.9655322811401241,7.901779510077309,7.0002218236862355,1.0037556939448096,1.2762184647664816,0.1,188236247.69123682,1.6475950901020553,0.6011057912410891,0.43665245313065765,2.7435682778544708,2.474701696548998,False,False,False,False,False
UGC01281,25,5.27,4.99,678470944.4047889,8673218.545005735,9.664092654148846e-11,2982.0274048362503,23.49184987701854,1.0213847772616758,8.777587898835702e-12,9.654472962754562e-12,1.434295366406735e-10,4425.7730573582085,0.20957149691206617,20.067798861940137,0.8725129939973972,26.11995891982033,1.0290910214776965,0.30295991879918105,0.8670401393202353,0.1542401798050446,71818.2527018077,316.22776601683796,1.3546808411514517,0.14209961045004246,0.8928381845356496,0.8053410545124039,False,False,False,False,False
F563-V2,10,59.7,10.47,5549019178.964453,16112873.213847417,4.4182235489129195e-10,13633.213354897824,8.390073222696918,1.0487591528371147,7.343872945048899e-11,7.89839792052038e-11,8.657329100071572e-11,2671.3726319683683,2.5,2.816686654387899,0.35208583179848735,1.6029300263422277,5.290244467297217,2.063792475590147,0.3535923196919665,2.5,287017.7039156418,150.0148810299707,0.669762408164723,0.6496500681956936,4.081871763295398,3.681852957427433,True,False,False,False,True
NGC3893,10,18.0,19.05,40295004116.57069,35343647.87820694,1.2870978516825362e-10,3971.568986122503,8.509835163001574,1.0637293953751967,9.646741908685172e-12,1.0428341529399426e-11,1.884564843733261e-10,5815.159489174505,0.4004135908958608,5.3441222048321215,0.6680152756040152,87.4276184203807,1.412950552304502,0.5195789054013109,0.8961257970247445,0.20376587880230684,84566514.53038265,5.294447882885345,0.5317687361658328,0.18925325933899925,1.189113298414648,1.0725815430687802,False,False,False,False,False
UGC06917,11,18.0,10.47,7717137302.454597,22408510.570602942,1.3715126034764058e-10,4232.045693280004,10.596822977139913,1.1774247752377682,8.0638128413655e-12,6.066472784023401e-12,1.1650607988506972e-10,3595.00198808802,0.5781246605505712,10.283505086860428,1.1426116763178253,112.07417485071414,2.460472679996734,0.5696252970975346,1.0183752179465464,0.1,8608738.446337711,11.153508518581305,0.6988861632705952,0.20166549893088298,1.2671016998475644,1.1429271695636716,False,False,False,False,False
F561-1,6,66.4,9.66,4667947133.048588,15922886.640954437,6.055103729379436e-12,186.84097831350897,4.8486929922434125,1.2121732480608531,1.953547639061612e-12,2.2859195205842035e-12,3.422853640820288e-13,10.561822744205267,0.8838830507323119,3.2601375413903115,0.8150343853475779,223.01475673076803,43.58313336014233,0.10000546443110717,15.964907070355883,0.1,6504673.653925922,4.714607075105032,0.40041871746623103,0.008903348839583311,0.05594139061356427,0.050459197744828634,False,False,True,False,True
NGC2976,27,3.58,2.27,1902132125.7594323,117500331.94065803,6.965667433273038e-11,2149.3803838975127,30.986825653066767,1.2394730261226707,5.220737169491632e-12,5.64373243879078e-12,3.422853640820288e-13,10.561822744205267,0.9273679650363202,20.23684230176467,0.8094736920705868,78.10584953378397,2.606876474112856,0.3731505901190851,1.2489776478212447,0.9310527047595983,1000.0,0.1,0.8388931890985591,0.10242230328449008,0.6435383111245995,0.5804722861060865,False,False,False,False,False
NGC3741,21,3.21,7.0,303581753.6288832,1972103.5396956203,1.3464504419700597e-10,4154.711943376156,24.481488375253065,1.288499388171214,5.703347471460515e-12,5.955617863476943e-12,1.6235791353799103e-10,5009.841739818927,0.1,4.468030130918786,0.23515948057467292,64.2251950035363,1.9204011586384149,0.3015442426288061,1.195805779747968,0.44018753687511264,813397.9803477655,23.898201986526132,0.36133661024863845,0.1979803900287462,1.2439474777383022,1.1220420349750497,True,False,False,False,True
UGC05414,6,9.4,4.11,1084047750.1272986,20427484.798267517,5.642356621008308e-11,1741.049333222472,5.155297080624309,1.2888242701560773,5.124773009726494e-12,5.636740187953175e-12,1.2332570533627048e-10,3805.433641777401,0.14319622640873195,0.3090220734680284,0.0772555183670071,236.9383961323806,10.118728964995835,0.1531659405086112,0.06482735199437313,0.1,90382.88469379522,316.22776601683796,0.8036176913144378,0.08296450650452854,0.5212813682866589,0.47019638508402567,True,False,True,False,True
UGC06923,6,18.0,5.16,2754184657.6654716,32926364.28514808,7.927604680586672e-11,2446.2032037812323,5.160570345197322,1.2901425862993305,1.0848304534288495e-11,1.09917749881159e-11,1.8588242927080126e-10,5735.732447940662,0.17982517552421204,3.2862593645945415,0.8215648411486354,83.80885178889241,1.9909142053827806,0.32581830708629755,0.7658192010572386,0.1,5807007.134061231,11.854905634679946,0.8764490461508077,0.11656650833430109,0.7324089724753073,0.6606337233822226,False,False,True,False,True
NGC3769,12,18.0,37.16,18052881584.129868,4161455.4539803364,7.162867630812452e-11,2210.2300067588167,13.197301162825672,1.3197301162825672,5.368537852051827e-12,5.803508248137195e-12,1.1212292840781893e-10,3459.7520655916846,0.33620990656032607,8.326480998178642,0.8326480998178643,144.0752705715816,3.835103238036879,0.32074870583197157,0.757985834794371,0.1451303924717802,22745774.431610633,6.959947260741125,0.4735537648401217,0.10532191034061573,0.6617570795762425,0.5969056359010376,False,False,False,False,False
ESO444-G084,7,4.83,4.44,253112085.11687064,4086928.7702546986,3.0737816791499174e-10,9484.699217751791,6.680189340289023,1.3360378680578047,2.303785877945657e-11,2.49044352727989e-11,3.8063675757279765e-10,11745.223095339461,0.1,3.6392764052836,0.72785528105672,18.35851993416615,19.282277808446235,2.4999941954382954,5.780690817897503,0.1,5178268.149210802,11.158487424684361,0.6223422679204919,0.4519650161137138,2.8397799486048716,2.561484732624931,True,False,True,False,True
F568-1,12,90.7,13.23,10753126372.558365,19555331.779162496,4.1184357354242825e-10,12708.16481961162,13.374918150825932,1.3374918150825932,4.3833155665051356e-11,4.905405551522028e-11,1.2576135167466763e-10,3880.5898348057376,1.78811021715478,8.785291430876304,0.8785291430876304,2.8428130238299323,8.259123634900392,1.8764408320464696,0.7953139424272209,1.8082003454699407,537662.2979661664,98.60191588714743,0.9235610828239265,0.6055696428118197,3.804906282189215,3.4320297795202355,False,False,False,False,False
UGC08490,30,4.65,10.15,1715105059.1618984,5299181.209687858,1.95118299805885e-10,6020.721634497308,37.828565186600905,1.3510201852357466,5.0018010741911456e-12,5.133394145558871e-12,1.1640082113332119e-10,3591.7540423827577,1.026739760989766,7.087849438514355,0.25313747994694125,50.1685071076448,7.808285511554298,1.0097273135167333,0.24341413920393054,0.46883729442737127,47971011.497750714,3.1179316207541605,0.11644757802452854,0.2868995092072905,1.8026427808882821,1.6259858317157083,False,False,False,False,False
UGC07690,7,8.11,4.13,947571941.0543352,17683255.26373251,8.084486674094997e-11,2494.611928812064,6.798017814253631,1.3596035628507264,1.1062985224118011e-11,1.1209294862253186e-11,3.326894240061378e-11,1026.5722972550154,0.9336880378802446,1.9968879445138912,0.39937758890277825,67.28443432937569,1.8213298353675533,0.3985542084809937,1.8985612556568963,0.6101809187698081,60327985.49958751,1.730524211397985,0.4129472038013292,0.11887328155781614,0.7469028561002925,0.6737072228412498,False,False,True,False,True
UGC04499,9,12.5,8.18,3023748446.7240653,14384314.774618026,6.735999518463601e-11,2078.512270305978,9.82713306098317,1.4038761515690243,3.960433121703517e-12,4.207832788217256e-12,5.95113508738884e-11,1836.3284123582412,0.5931332808095219,9.445455106022111,1.3493507294317302,265.3112015056003,7.596946279648387,0.20538309041555503,3.1795974501023583,0.1,5173640.845015503,9.501311053749012,0.9896141524475777,0.09904529497183863,0.6223199421123246,0.5613332932053001,False,False,False,False,False
D564-8,6,8.79,3.07,56263941.70070985,1900218.4510185134,3.2973939725865466e-11,1017.4694658555067,5.650793721463675,1.4126984303659187,5.4808549446086024e-12,5.894706188558979e-12,5.6722368728625386e-11,1750.2694155500635,0.1,2.91127829062988,0.72781957265747,129.39947006441287,12.780277185532032,0.10000546443110717,5.001343299994638,0.1,24306.80351161197,300.94594469621745,0.6061898224800893,0.04848446882426274,0.3046369021430143,0.2747828310488789,True,False,True,False,True
UGC06930,10,18.0,16.61,11334294857.134888,13076917.048179816,8.564554192843659e-11,2642.745286832557,11.490541469921615,1.4363176837402019,6.419095778406182e-12,6.93918462013353e-12,2.918404036816746e-11,900.5253910139342,1.1848253745393118,3.7666176342164404,0.47082720427705504,103.16123635479636,2.0217779225617254,0.37852510669083145,1.9721762630135258,0.1024101208133152,13559932.942463627,7.957568030761897,0.2945160300774357,0.12593213434878325,0.7912549362420406,0.7137128494036383,False,False,False,False,False
NGC4138,7,18.0,18.58,26717757038.95222,24635348.153086163,1.269821821251636e-10,3918.260726324712,7.400857549498733,1.4801715098997466,1.737651456682268e-11,2.0131328849854932e-11,6.919185954799078e-11,2135.037698289346,0.695893482628694,5.603418934357401,1.12068378687148,38.83191566176699,1.404055181340887,0.5579577849294621,1.197469498791127,0.4103850292418283,154893753.431383,3.1413673215717415,1.1550008904445224,0.18671301341813665,1.1731524625680612,1.05818485104303,False,False,True,True,True
NGC4068,6,4.37,2.33,352148676.5591469,20647351.241561744,2.155395372116403e-11,665.0855178989829,5.9996546487495666,1.4999136621873916,4.194262996753208e-12,4.748309002169261e-12,6.055881340904857e-11,1868.6497289801998,0.1,1.3415618804634284,0.3353904701158571,167.35171417720875,20.8379236716811,0.10000546443110717,4.0322674503528955,0.1,52770.109564351624,316.2277650166669,1.9265303912708955,0.031692664143909796,0.19913088169439133,0.17961628100970026,True,False,True,False,True
NGC3972,10,18.0,8.72,10490188830.735823,43913743.74997359,1.428164854078529e-10,4406.856272904007,12.082798673814512,1.510349834226814,8.396899934214476e-12,8.92143605933887e-12,2.839462017281517e-10,8761.66429022183,0.2835231186492633,10.866590490453216,1.358323811306652,90.49361431590275,2.898728397519676,0.5684377738392546,1.3940420879909012,0.17069556473479297,3753635.707572137,27.11517794130028,1.1890082334776444,0.20999557504850366,1.3194411117174862,1.190137378398774,False,False,False,False,False
NGC4157,17,18.0,29.61,67730196240.632805,24589836.803996976,5.828933677588761e-11,1798.620997293567,22.86271673126174,1.5241811154174494,3.427123463660969e-12,3.641208432641947e-12,1.0314614889993161e-10,3182.7575927768944,0.35656988885947377,10.062411694259314,0.6708274462839543,212.51886724629858,8.123207375372326,0.33053140505693673,0.6941040679412586,0.48132898348617226,266346.9329251321,153.30758283081127,0.4187231784820367,0.08570791222380379,0.5385186947936417,0.48574447313239677,False,False,False,False,False
F568-V1,15,80.6,17.63,7569573277.050671,7752055.979832058,5.248743267875398e-10,16195.929432686855,19.831471324490735,1.525497794191595,4.767266523714399e-11,5.243518639733652e-11,7.903257963788266e-11,2438.6905919604565,2.5,2.7809376144191957,0.21391827803224583,1.8346777851035276,11.005122159026014,1.983838280489507,0.29543401528140384,2.5,5405926.0964019615,12.59494080802076,0.16184537100139593,0.7717686495867586,4.849165439625352,4.373952723229499,True,False,False,False,True
F563-1,17,48.9,20.1,6974897592.602498,5495356.201195259,2.3194317184795996e-10,7157.018455512497,23.642305494754154,1.576153699650277,2.4686074544295383e-11,2.7626394969190555e-11,1.1982202121530142e-10,3697.321246330386,1.6147414250829693,16.37056618359983,1.0913710789066553,7.683664740143063,3.3822040555658264,1.6231572141138904,1.022062915078371,0.8851543169444709,2749034.3682593973,19.922869778665756,1.1441564360364116,0.3410463407756431,2.1428573574288827,1.9328597653996664,False,False,False,False,False
UGC11557,12,24.2,10.56,10411988718.666515,29720490.989311174,6.882851575548204e-12,212.3826080340163,16.15709689492793,1.615709689492793,2.5325407893414382e-12,2.932452143681234e-12,4.565177805435004e-11,1408.666680975275,0.1944574536649978,11.350358057460065,1.1350358057460066,116.51325612528045,20.54223145872961,0.10000546443110717,1.5792004723731117,0.24595530661686976,55702.61492935299,316.22776601683796,1.2550599163215663,0.010120458926384347,0.06358871882817262,0.0573570964629017,False,False,False,False,False
NGC4051,7,18.0,12.19,44821106515.71411,96011949.93440957,3.8943568925644246e-11,1201.672975771243,8.09042285443777,1.6180845708875542,5.906068795295435e-12,6.173982676218129e-12,1.4504650466774001e-11,447.5667477269283,0.615720484489245,7.350118580859985,1.4700237161719971,184.76078438739998,11.822558530612651,0.31688196695107457,2.0207061797266217,0.36200929897591366,22192771.44985171,6.869778797806327,0.8047564314573107,0.05726213698388651,0.3597886177548605,0.32452974104703536,False,False,True,False,True
UGC07399,10,8.43,6.13,1617484087.6698189,13701534.076793788,6.228582522494101e-10,19219.397454128997,13.05938291919372,1.632422864899215,2.6383273585972697e-11,2.7550258203956122e-11,5.028801152065812e-10,15517.258976707439,0.6609969415790998,11.965689865753191,1.495711233219149,1.8254537849257533,92.4372068752206,2.3394807554831325,4.390284953966329,0.1,38249849.40761168,4.903639394361206,1.0043726163802547,0.9158429888628865,5.754411211306726,5.190485435411751,False,False,False,False,False
NGC2915,30,4.06,10.04,1249570909.8772118,3945877.5862842565,3.64795197593511e-10,11256.403630500105,46.743487850470736,1.6694102803739548,2.1448145582962438e-11,2.2787964714229685e-11,3.873068276454126e-10,11951.039952239908,0.4411841686875498,46.559309092736775,1.662832467597742,4.695952906086711,8.87753376061335,1.845027750590936,2.9772302934221795,0.1,28113401.984229147,4.5172898101989505,0.6932792928392248,0.5363902988847088,3.3702396448660688,3.039959979945925,False,False,False,False,False
NGC4183,23,18.0,21.02,12184773122.19972,8778132.886224767,8.392225529560722e-11,2589.5702175385036,37.33221053617192,1.777724311246282,3.554811730308902e-12,3.712048117051241e-12,2.7413594035974892e-11,845.8951254491318,1.2114888867518834,8.580245082377244,0.40858309916082114,130.5299741131472,2.7867206842875993,0.3706569340164052,2.6816914362787716,0.6040339125092112,8876977.54227413,9.127620359548784,0.17299682163912286,0.1233982352236161,0.7753339784889152,0.6993521274633935,False,False,False,False,False
DDO170,8,15.4,12.33,2100415590.3053071,4397736.532256314,4.206768687573115e-11,1298.0731829764222,10.794951314292014,1.7991585523820024,2.473371026815316e-12,2.6278771498566383e-12,3.2950717522888763e-11,1016.7529035443262,0.951540530418525,7.84662123077654,1.3077702051294233,653.8284344714473,45.31299137847135,0.10000546443110717,35.02964852626213,0.1,1709653.5242304353,13.489236415258194,1.271361518518349,0.06185580096864508,0.3886514598100156,0.3505640572977596,False,False,False,False,False
NGC0100,21,13.5,9.62,2846613540.390289,9791032.54276726,9.830777922481272e-11,3033.461104402074,34.40439101005317,1.8107574215817457,5.780009097326504e-12,6.1410737281843105e-12,4.058568057482322e-10,12523.432467930168,0.1,8.684833584279898,0.45709650443578415,67.80295420996018,1.8146703803224606,0.40176205804048326,1.4368725373463564,0.482610415023886,96528.40079307102,316.22776601683796,0.837875447078244,0.14455052980123784,0.9082377649921625,0.819231493540106,True,False,False,False,True
NGC0024,29,7.3,11.27,3204907216.263535,8031890.077609875,3.0326595420875884e-10,9357.809561315547,50.164819236842916,1.8579562680312192,1.284585796255397e-11,1.3414055786765216e-11,1.0774668506644572e-10,3324.7153058954227,1.261756364539658,17.917935488369228,0.6636272403099714,12.706251436530364,12.38102490789698,1.1975613958083726,0.6659652826244435,1.8019968825415187,94606.29004111259,316.22776601683796,0.34303262221674774,0.4459184684795481,2.80178836935072,2.5272162850729902,False,False,False,False,False
UGC07603,12,4.7,4.11,490550757.63036203,9243797.74147044,1.9974105908297195e-10,6163.365081156692,18.633271163086764,1.8633271163086764,1.1743782106694286e-11,1.2477390701391713e-11,3.4763085983343883e-10,10726.767508226101,0.19498288142526116,8.492762575610959,0.8492762575610959,42.91587621708411,7.837180181273288,0.8172993699071491,3.0804941775971666,0.1,13364915.658485414,5.6649156254849515,1.5817395720994427,0.2936967566674167,1.8453511462590109,1.6645088256914329,False,False,False,False,False
UGC10310,7,15.2,7.74,2849087303.617142,15138190.40225373,8.162283375686163e-11,2518.617482613447,9.328378922666822,1.8656757845333645,9.939087979717136e-12,1.1317161471797956e-11,1.1975697280312823e-11,369.5314062058842,1.9467934506365892,0.5842148138403438,0.11684296276806876,71.64888069370927,2.272424738252854,0.38075171381666006,2.4408883513563993,2.067703384717249,27116.280444085718,316.22776601683796,0.1445599715150195,0.12001719453402886,0.7540902733051242,0.6801902813071802,False,False,True,False,True
IC2574,34,3.91,10.23,2439194507.790212,7418998.672323747,3.5539331825377445e-11,1096.6291947474986,61.062128127105204,1.9081915039720376,1.5053889247278696e-12,1.5719752682880607e-12,7.850802464900399e-11,2422.5045162660326,0.1,11.86510490299276,0.37078452821852376,280.0635351597625,24.79728750036529,0.10000546443110717,3.520194660269193,0.1,38058.75113033728,316.22776601683796,2.298734497202113,0.05225658930197535,0.32833783410548945,0.29616109854481204,True,False,False,False,True
NGC7814,18,14.4,19.53,51283914870.945915,42798328.842572615,2.0264930434507194e-10,6253.104153224096,31.0623971597913,1.9413998224869562,1.7466296408384161e-12,1.7618146805931645e-12,2.7821949109846427e-10,8584.956464164683,0.15975808233560174,27.00023050446075,1.6875144065287968,234.6638670579827,35.224851470617224,1.1371290372366556,2.593441189890501,0.2965282729228126,16185211.863571886,13.869145794879769,1.2942056127568502,0.29797300415000033,1.872219601611444,1.6887442028755995,False,False,False,True,False
DDO154,12,4.04,5.92,363663533.531276,3302983.986016698,8.172759478476643e-11,2521.850070165646,19.494868924393465,1.9494868924393465,4.805176610472413e-12,5.105345570391578e-12,9.764843626483822e-11,3013.1159065009992,0.1,1.958008493427155,0.19580084934271552,182.04308486688174,3.661094105042507,0.10000546443110717,1.1902888657253887,0.1,1336225.9373352714,15.720955280066915,1.3921626278544437,0.12017123384002855,0.7550581308093096,0.6810632898730535,True,False,False,False,True
NGC0055,21,2.11,13.5,7161747944.03975,12508396.010668257,4.218198018441289e-11,1301.5999059795595,37.42934217652168,1.9699653777116672,1.7867608233242202e-12,1.865792805084955e-12,7.677713413511369e-11,2369.094815718759,0.1,9.857401772285137,0.5188106195939546,356.81449433105934,24.570428056839027,0.10000546443110717,5.710262749126402,0.1,519614.3830286076,50.7713102373687,1.175043756001228,0.06202385642115307,0.3897073833600052,0.35151650153677405,True,False,False,False,True
PGC51017,6,13.6,3.63,258911939.56627783,6254447.557085991,5.221078412426291e-13,16.110564608432345,7.995590451916317,1.9988976129790792,5.05597341617026e-13,6.661291622211104e-13,3.422853640820288e-13,10.561822744205267,0.5921451589127515,7.279932724277121,1.8199831810692801,474.42032461366625,121.48637193252539,0.10000546443110717,81.18777356660571,0.1,3002904224.4593377,0.1,0.031187274815148967,0.0007677008438204437,0.004823606662201982,0.00435089867702191,False,False,True,False,True
UGC05721,23,6.18,6.74,1217204828.5130355,8528919.212688867,3.533504598571802e-10,10903.255923909663,43.38586101174243,2.0659933815115443,2.0775251853146442e-11,1.5629392996552706e-11,2.524120471838029e-10,7788.621952934018,0.8155414890987357,34.496036823956615,1.6426684201884103,8.3571263582038,14.491564222135894,1.5370579649878304,2.6610397451203727,0.1,131289342.32783374,1.9696323614922036,0.8794167458489817,0.5195620995675454,3.2645049501701786,2.9445871654765017,False,False,False,False,False
NGC2366,26,3.27,6.06,1091655335.9637842,9462162.907301025,4.5405384906828896e-11,1401.0637828598842,50.06085931447775,2.0858691381032397,1.923299061940661e-12,2.0083704013159826e-12,6.189935949198034e-11,1910.014658930786,0.19080035556600064,30.64296438953502,1.2767901828972925,236.15602684945895,15.717274610888943,0.10000546443110717,7.130765310143172,0.1,1277709.017506789,18.066486091831557,2.2902372873395307,0.06676351043493678,0.41948750782052574,0.3783782075569075,False,False,False,False,False
UGC06786,45,29.3,34.05,48789814168.629425,13395072.19877888,2.9481924279877377e-10,9097.171280964365,90.14548425540173,2.096406610590738,2.5410401966393166e-12,2.563131769748581e-12,4.0781466039986835e-10,12583.84554999389,0.33121422779482573,65.50482872696067,1.523368109929318,148.63216216397018,117.58355013129872,1.0328203617464882,9.824953291153257,0.3323478981501518,24867263.478798952,12.23623798331525,0.7922853362547579,0.43349852959964175,2.7237515918644237,2.4568270233231146,False,False,False,True,False
UGC06983,17,18.0,15.68,8774596955.528017,11360179.34512459,1.6419794106474245e-10,5066.619056705165,31.598303171542536,2.1065535447695023,6.9551606416378115e-12,7.262801217700374e-12,7.481541163441108e-11,2308.562384303507,1.0829751769620106,13.636321708915796,0.9090881139277197,62.23968076539509,5.02490462785608,0.7460183824001929,1.1728541062330458,0.12802962463771764,21585621.952906273,6.488833375549397,0.6177716318525033,0.24143460019479618,1.516978332588721,1.3683161755395203,False,False,False,False,False
NGC2683,11,9.81,34.62,44008534749.390236,11687803.71189737,1.0762906902000188e-10,3321.0860539180685,19.33844465611078,2.148716072901198,6.32805463593837e-12,6.723354482824654e-12,5.7335813543791726e-11,1769.1983446864724,0.6748401610097466,9.77502276344594,1.0861136403828822,124.87477099417228,1.9344344393699102,0.5043206003059209,2.346811671465938,0.44624034931391,57318005.07847426,5.661522392567537,0.9428129517660064,0.1582564378071974,0.9943545247967626,0.8969089085000157,False,False,False,False,False
NGC4100,24,18.0,22.76,37337943493.35374,22943306.450796723,1.3995246720155393e-10,4318.481905182409,50.80744108590072,2.3094291402682146,3.5876409413204496e-12,3.682028679543193e-12,7.303268700737612e-11,2253.5532501473635,0.7112765054317053,30.93252032751179,1.4060236512505357,156.95002164095027,4.401380830244911,0.5696906794719399,1.9239567707558247,0.5070014226467038,33728158.18415641,7.216693061699649,0.8984285273818065,0.205784358475966,1.2929812576235664,1.1662705600129495,False,False,False,False,False
DDO161,31,7.5,13.37,2691278312.1478944,4792321.265521502,3.241715402217303e-11,1000.2888542197202,67.27355319079399,2.3197776962342753,8.310043495235201e-13,8.528673570785368e-13,3.97493126611268e-11,1226.5356295812994,0.1,21.22670040365231,0.7319551863328383,595.0686679266385,55.445720468363284,0.10000546443110717,46.36009094963097,0.1,225663.06379202876,61.724057901569616,0.38406357999253865,0.047665778084942455,0.29949291651859317,0.27014295018477524,True,False,False,False,True
NGC0247,26,3.7,14.54,7860211605.915958,11834653.640858022,1.1248573609441655e-10,3470.9471410409546,56.26873522185082,2.344530634243784,2.8835392486915445e-12,2.9594026787872885e-12,2.363158793691556e-11,729.1946111198218,1.479486683748798,26.708089308146235,1.112837054506093,152.95670201839275,2.290938897538575,0.49111980288654666,2.3417506485094988,0.36539569129117827,2494782.4449875755,19.446583940919222,0.9022968653712206,0.1653976203688484,1.0392238981440152,0.9373811341201379,False,False,False,False,False
UGC02885,19,80.6,74.07,363797932762.0434,21106958.921267595,1.298172086747766e-10,4005.7405049954486,40.26277329449634,2.3683984290880202,5.498848125178994e-12,3.41537877106794e-12,1.1983680252382399e-10,3697.7773498537176,0.5381947971792618,40.07076864497971,2.357104037939983,141.8497522318311,3.16615398480827,0.5498966485999863,2.6703949003824037,0.1,15585352.242619898,20.20028428315895,2.3863132928964794,0.19088160102105647,1.199344470946418,1.081810072289805,False,False,False,True,False
UGC07524,31,4.74,10.69,4793586778.611969,13352276.301974777,8.082283001950916e-11,2493.9319466388692,69.84087213323893,2.4083059356289285,2.0718698267303112e-12,2.1263789345356685e-12,2.5479536671156793e-11,786.216350929757,1.5444440529937855,37.7196769471589,1.3006785154192726,157.68700591193368,4.035669284581695,0.3197571328290955,3.632587319037908,0.1,2188666.351603413,17.615118910150006,0.7551822449998157,0.11884087903805149,0.7466992650641916,0.6735235834959097,False,False,False,False,False
UGC11820,10,18.1,15.82,5134442646.323685,6530260.046127712,6.343924343209463e-11,1957.5305124518786,19.68244900437968,2.46030612554746,2.687184298372048e-12,2.806043799702247e-12,4.748285989894794e-11,1465.1679629527912,1.1083897370963474,4.375473341579595,0.5469341676974494,431.81792116917626,14.968910341620026,0.1810402879915053,16.225927427688045,1.6691159964707445,163337.09463296528,95.81193036351169,0.362881463814825,0.09328027060125513,0.5860972256915421,0.5286603619341219,False,False,False,False,False
UGC04305,22,3.45,5.52,1417454259.6799283,14807475.58513992,1.93333991949849e-12,59.65663646998815,50.13164029868807,2.5065820149344034,6.008802187434825e-13,6.841629453972181e-13,3.422853640820288e-13,10.561822744205267,0.7335024278831909,36.23217342638785,1.8116086713193926,288.80747156478884,65.92617306197037,0.10000546443110717,40.89292196304517,0.7665354122175084,1000.0,0.1,1.7972424990920999,0.0028427588523823825,0.017861580653143687,0.01611116599582075,False,False,False,False,False
UGC08550,11,6.7,5.36,756440127.3218925,8380985.8415252445,1.3656161254751914e-10,4213.8510633019005,22.59202654248711,2.5102251713874564,5.78453022364402e-12,6.040391490111015e-12,9.155445588659271e-11,2825.0753201489947,0.8987011224449459,10.979539432492947,1.2199488258325497,134.709066808106,3.915431013218286,0.6695182388460025,1.4859449072706616,1.170779252033574,3742068.7865417427,9.323105312903847,0.5840239656609684,0.20079848817572418,1.261654110609584,1.1380134378959927,False,False,False,False,False
NGC6946,58,5.52,20.4,42179445561.05569,32261953.373306017,6.633602600618538e-11,2046.9158829251455,148.8805851396343,2.6585818774934693,5.717486652731764e-13,5.767193963365159e-13,9.380628473431728e-11,2894.5594980767873,0.42224279901029305,125.42470527011704,2.2397268798235186,721.5418380082142,17.524530187933888,0.37839384602322007,2.2531791568763224,0.4584432334340023,2979687.345715667,26.09912976531021,2.428816452213237,0.09753966349066467,0.6128597805117854,0.5528002167182114,False,False,False,False,False
UGCA442,8,4.35,6.33,495923711.72612315,3939649.4596903156,9.833210051068563e-11,3034.211580867785,16.198160490832482,2.699693415138747,5.781439068125389e-12,6.142593026157447e-12,1.171927079272351e-10,3616.1891156533493,0.1,13.55204937605917,2.2586748960098615,166.0892958743663,2.5535480218140303,0.10000546443110717,1.9318963505119202,0.9619262773395773,401495.0265054991,52.52566263091195,1.8289352575748772,0.14458629151598817,0.9084624624728413,0.8194341709223802,True,False,False,False,True
NGC1090,24,37.0,30.09,58684115113.08073,20631286.601523884,6.466136415588666e-11,1995.2412176446894,59.96107347541983,2.7255033397918105,5.57314793735453e-13,5.621600380283027e-13,5.56874936833344e-11,1718.3365082810708,0.5570538281578097,55.52601379681457,2.5239097180370256,1159.9264453468788,33.12808054069476,0.3073661169917685,7.410157103499268,0.44762459400973464,5624240.830368398,16.81236559037876,2.4985857066273436,0.09507726163795857,0.5973880533704906,0.5388447012990555,False,False,False,False,False
UGC04278,25,9.51,6.69,3222544150.4239807,22919058.22320751,1.4515851996896764e-10,4479.123908307104,62.7402011512695,2.7278348326638913,8.534599932894396e-12,9.067737878250713e-12,1.5646082134182667e-10,4827.876487962007,0.4605842647933164,62.604839651619095,2.7219495500703954,32.94756034725529,3.264392224362888,0.5962863918165685,2.657880036281885,0.1,116764.20966154373,316.22776601683796,1.1603444104750271,0.21343927339355281,1.3410785065614579,1.2096543330747302,False,False,False,False,False
F568-3,18,82.4,17.98,11371116226.798517,11196282.582967885,9.991474543645376e-11,3083.0469005368227,43.76370594278587,2.735231621424117,9.074938453552188e-12,9.981528974503677e-12,1.1533680824669951e-10,3558.9220352760935,0.4343433717339461,43.633437782014354,2.727089861375897,34.642258647539656,2.607010750105398,0.4200862345617987,2.5687622402525045,0.9218034961155297,67477.06731395173,316.22776601683796,3.2110886855815277,0.1469133928330046,0.9230840712762374,0.8326228786371147,False,False,False,False,False
NGC3109,25,1.33,6.45,684425606.4414277,5236690.989427144,1.6002542649925078e-10,4937.868710173327,63.386457923418895,2.7559329531921257,6.778419636882469e-12,7.078242607095112e-12,2.13810948116647e-10,6597.5164928095155,0.1,34.5951406583928,1.5041365503649045,56.90770590075201,5.0447275420246,0.7882263288823353,3.5457052079831954,0.1,74999.02639223,316.22776601683796,3.389650955397741,0.23529938693089028,1.478429650752534,1.3335452208270897,True,False,False,False,True
ESO116-G012,15,13.0,9.86,5071290039.549771,16604077.318710212,1.8864194201781432e-10,5820.88211413364,36.12127830690521,2.7785598697619394,4.835781519011123e-12,4.9630067591020156e-12,2.6298429450432066e-10,8114.847418363056,0.3268500471397523,27.061104869740596,2.0816234515185075,147.20838504328026,18.47279140688357,0.7593504920778402,4.620099862540684,0.3811789939923186,4036073.781103455,18.88172879832667,2.5126296716128436,0.2773767536651563,1.7428095431820816,1.572016183481786,False,False,False,False,False
F574-1,14,96.8,12.6,6330067932.135293,12691630.152517311,1.5579022309678837e-10,4807.183988252985,33.521580372129996,2.793465031010833,9.159691266290674e-12,9.73187731135523e-12,3.2320939070326104e-11,997.319971020537,1.6738162986799678,18.37850614996352,1.5315421791636268,63.20090224313337,4.782412061721034,0.6749052933481373,2.120861270582557,1.445689162263299,1134363.8672277073,27.329134816356113,1.6438222337601105,0.22907199678466442,1.439301804483693,1.298251859139903,False,False,False,False,False
NGC4010,12,18.0,10.47,12677064490.30554,36810817.600053735,8.504078902873514e-11,2624.0845621830504,28.04127290704568,2.8041272907045682,4.999975974493807e-12,5.312313628142923e-12,3.304929027285287e-10,10197.945407914282,0.12595993963438418,16.181974274942757,1.6181974274942756,136.34865447698397,3.529180720016677,0.37956418429995087,2.1119471295556336,0.2692299656500559,1039442.2266530276,57.246492147841614,2.3155631785636337,0.12504291324400402,0.7856677952616578,0.7086732419061261,True,False,False,False,True
NGC6503,31,6.26,23.5,10045182478.824251,5789915.602589327,1.1415380256350809e-10,3522.418294122087,82.66338226053271,2.850461457259749,9.838889692525429e-13,9.92442810755871e-13,1.3536855001866675e-10,4177.037000315928,0.4255547078564615,64.28530594580653,2.216734687786432,710.3859547754688,3.116575326816888,0.47686144584256446,2.1556115275990706,0.35727147228962547,20588899.12400587,6.892285849094266,1.122659823564167,0.1678503244554646,1.0546346924239016,0.9512816880292341,False,False,False,False,False
NGC3953,8,18.0,15.68,92361977066.24876,119577985.11552614,1.0968738578935493e-10,3384.599073026073,17.384447814491885,2.8974079690819807,6.44907343776537e-12,6.851933066698743e-12,1.2341259556092959e-11,380.81147939602147,0.789557664586091,3.5209732777510725,0.5868288796251787,189.0360929087535,2.488138074680264,0.5042720295778336,2.817704717323693,0.35155452849288854,56062937.94376309,6.6900413754042996,0.2711241117474914,0.16128296105749232,1.013370731214853,0.9140615482446244,False,False,False,False,False
UGC07151,11,6.87,5.5,2487549239.5795307,26175587.28354167,9.536552066932437e-11,2942.6724917658585,26.955963612074555,2.995107068008284,4.039530042992767e-12,4.21820648390897e-12,3.3678894096074484e-11,1039.2220848167901,0.9908411542435941,16.003574774440505,1.778174974937834,202.76479149924776,3.1631861931622374,0.42990864260493056,3.282803119283197,1.1603800619951279,55928.6798555114,316.22776601683796,2.072387537713536,0.14022426959719572,0.8810550704430893,0.7947126722443698,False,False,False,False,False
UGC06446,17,12.0,10.22,3155645129.0540843,9616930.866012683,1.8080688016821372e-10,5579.117367144532,46.104722646271625,3.0736481764181085,1.0630546437648786e-11,1.129461361482711e-11,6.073071147446132e-11,1873.9539490476584,1.9559050942755973,3.571998501306402,0.2381332334204268,41.00991797072025,6.304491021363996,1.073622137232922,0.8918752025441132,1.3966412186331758,6929115.76019598,8.473848160158427,0.2139598012972592,0.2658561766536946,1.6704236229734342,1.506724001401781,False,False,False,False,False
NGC4013,36,18.0,31.01,48386797648.985916,16016716.011288468,8.316712261654337e-11,2566.2692577501157,104.62866203953931,3.077313589398215,2.1319650881268327e-12,2.188055250417178e-12,1.4192568532435551e-10,4379.369054431621,0.311290331418965,55.70239477818527,1.638305728770155,362.56026064577765,5.982786085607963,0.372272414523268,1.6818526499509021,0.5945003093482043,129782.0360416737,265.6533232906229,0.7508897426539773,0.12228789757089294,0.7683575212633167,0.6930593551378614,False,False,False,True,False
F579-V1,14,89.5,15.16,10970042385.91368,15193576.97006575,1.863459948346928e-10,5750.036586621177,37.09725308575534,3.0914377571462786,2.2691067585903495e-11,2.2195385245505542e-11,1.8822040788667755e-12,58.07874929950818,2.5,12.619645621045022,1.0516371350870852,14.19097073899357,4.025958812227092,0.7890473640977996,2.445886550942816,0.7204274722258988,48482309.32311946,3.919003173993667,0.20183277448709822,0.27400082162465195,1.7215979365871477,1.5528832902891065,True,False,False,False,True
F583-1,25,35.4,16.26,6465712210.439187,7784404.857875493,1.6602072912881765e-10,5122.864419356434,72.1574186234255,3.1372790705837175,1.244318078306031e-11,1.3451353850462756e-11,5.4596687459529796e-11,1684.6777451756197,1.7378529084592511,38.17336618090202,1.6597115730826966,21.636336799439167,4.046583732237544,0.8916368718969636,2.072799075374181,1.4054807471478499,518908.6110028972,47.1165461138949,1.642231743572822,0.2441148049807765,1.533818555920225,1.3835060760734805,False,False,False,False,False
NGC6195,23,127.8,36.43,256021898516.59305,61405729.9827432,3.8877924793548414e-11,1199.6474095035974,65.991725281041,3.142463108621,1.6468063521334305e-12,1.7196478695241744e-12,8.968822237621456e-11,2767.4893711009768,0.23529941506217392,42.75526287158755,2.035964898647026,453.7612231553156,26.837766334619936,0.16132047688576712,1.7615923184195053,0.2041558739898651,1754500.257516637,50.60503881818839,1.694010760525801,0.057165614672553496,0.35918215018647787,0.32398270661290346,False,False,False,True,False
NGC3917,17,18.0,14.86,16985588681.930105,24484605.533701967,1.2001523742660708e-10,3703.2832756464513,47.865891237369716,3.1910594158246477,3.0765558334452204e-12,3.15749736337657e-12,4.384163108252335e-11,1352.811381673574,0.8999494151265061,39.990203881715395,2.6660135921143597,197.53949725951952,3.3771906127105153,0.5104940020822613,3.0069635535082124,1.0682974488878005,71141.082070858,316.22776601683796,2.8260648769248005,0.17646890501477963,1.1087868311629332,1.000126978555059,False,False,False,False,False
NGC0289,28,20.8,71.12,83258862158.93848,5239587.565053397,7.255964152079355e-11,2238.9565916176284,83.34112059653218,3.2054277152512376,1.860045384070466e-12,1.908981573523621e-12,4.9994995216297605e-11,1542.6843592569767,0.7157553935894831,48.566754908045816,1.867952111847916,313.7370284053657,8.692254342403782,0.34878347091717815,7.883349949094477,0.6297314158845415,2546701.5061089527,27.020801258363413,1.9161365903604166,0.1066907899529818,0.6703580038439586,0.6046636793399462,False,False,False,False,False
NGC3726,12,18.0,32.52,48957881166.07881,14735730.402800748,4.4271716561856765e-11,1366.0824328906149,32.165170148869265,3.2165170148869264,2.602957024353181e-12,2.7655581035750236e-12,6.776006391478222e-11,2090.857101422657,0.3991749869399147,27.793154429621374,2.7793154429621376,380.4156889047036,23.10798433544878,0.28153132557789684,3.2385333144111517,0.5361557252253719,82597.96613864086,316.22776601683796,2.1483138483966138,0.06509657867046403,0.4090138666499197,0.36893097134880637,False,False,False,False,False
UGC07125,13,19.8,18.68,6642604759.9229,6059472.179634704,1.7520578362203655e-11,540.6285586701456,35.621224817972845,3.2382931652702585,1.030122978288145e-12,1.0944725262959488e-12,9.509377087435426e-12,293.4287169264717,0.9413887194879963,16.176669317879217,1.4706063016253834,958.7175178825805,134.72206833425898,0.10000546443110717,79.1225698255269,0.28828233128966013,2024734.0142965144,11.177032125950953,0.9096404395918052,0.02576203943015545,0.1618676676305339,0.14600481968503046,False,False,False,False,False
NGC2403,73,3.16,20.87,12840764743.856531,9384175.44098097,1.4589380478441163e-10,4501.812427017369,234.71995604804326,3.305914873916102,1.2574553101709047e-12,1.2683875126414459e-12,1.7091918560133542e-10,5274.014992568028,0.4319337750323506,192.63002265080755,2.7130989105747543,309.24742435827585,9.652157374658845,0.563940146710853,4.668067436856478,0.3869411733999564,11824028.24657999,10.370127850052562,2.158242922769412,0.21452042699569224,1.3478715949892246,1.2157817065367635,False,False,False,False,False
UGC03546,30,28.7,29.23,62667458524.14955,23347187.91582826,9.505542694166727e-11,2933.103999129932,92.79060604265402,3.313950215809072,8.192805139668073e-13,8.264032644826242e-13,1.5774443555273312e-10,4867.484683900784,0.30531263218036325,69.67983612267514,2.4885655758098264,661.9979378535592,4.688209343332369,0.4175652285395121,2.024970828123413,0.1,33221240.332466085,8.979767870514243,1.8520972435439593,0.1397683116559796,0.8781902022061483,0.7921285578472272,False,False,False,True,False
CamB,9,3.36,1.79,66133643.46150003,6570017.328781707,6.492833841724166e-13,20.034791825756727,23.948945582343352,3.4212779403347646,5.643700992102022e-13,7.295187855250558e-13,6.311361392126622e-12,194.74826356375266,0.1,19.310541640756554,2.758648805822365,237.9399949174043,63.38128751049139,0.10000546443110717,32.501908657085224,0.1,10569.532967666724,316.22776601683796,2.650583437561115,0.0009546981725488393,0.005998545530550068,0.005410694868103472,True,False,False,False,True
ESO079-G014,15,28.7,16.67,36263092180.14329,41537825.88845297,1.5186166596272287e-10,4685.961381491046,45.396734323515595,3.4920564864242767,3.892929800518354e-12,3.995349425263614e-12,1.358031996501575e-10,4190.448886552873,0.5442664382537937,45.265915079439466,3.4819934676491897,329.8078557036835,12.630941626355488,0.6026526925868044,3.2272635320389784,0.8253576688071803,135036.35392758754,316.22776601683796,3.8079042762168425,0.22329549547864905,1.4030069763508335,1.2655138830226906,False,False,False,False,False
NGC4088,12,18.0,21.48,70624407694.18565,48723265.96941303,2.1378361597877512e-11,659.667311115866,35.771760332836905,3.5771760332836906,2.6032104866200737e-12,2.5463438159942327e-12,7.193912785752469e-11,2219.8095406200505,0.3039925285907266,6.430378740413186,0.6430378740413186,345.04167253350965,36.20802959169744,0.22804716548692675,1.065000739799046,0.3776887178011117,102824.94422861972,316.22776601683796,0.4596895308207664,0.031434475680594536,0.19750863573520558,0.17815301331564593,False,False,False,False,False
UGC12732,16,13.2,15.4,7672577508.015745,10297930.820175424,1.0277365206081337e-10,3171.263541320459,50.8213426792639,3.6300959056617073,4.3533265714271065e-12,4.545882856353594e-12,5.531912391522041e-11,1706.9698049293859,1.3745098978543824,2.298264928598197,0.16416178061415693,164.78717756332495,3.4601658322729136,0.5628615827142711,3.8946096732353968,1.6723071122503004,427409.25689568475,52.51127784548125,0.1336628998256453,0.15111709339934948,0.9494967009104779,0.8564471005067781,False,False,False,False,False
UGC01230,11,53.7,36.54,17464736191.643166,4163658.2064746334,7.822803810314148e-11,2413.865034189161,32.98217484643979,3.6646860940488657,1.1863837534774759e-11,1.2402010533895544e-11,1.5191399194932467e-11,468.7575992728912,2.5,7.146224576934267,0.7940249529926963,35.39638734816697,3.722217055537775,0.5503691803455069,4.037283985379295,2.440722421638712,601789.2081949932,31.55734425349928,0.9064243785567933,0.11502552943710913,0.722726716509797,0.6519003175261789,True,False,False,False,True
UGC06614,13,88.7,64.59,133146061418.28128,10158928.000593575,4.938162310251494e-11,1523.7576734508652,40.718227084543464,3.7016570076857693,4.485175720903482e-12,4.933246836116515e-12,6.082139702832984e-11,1876.7522128530304,0.31476947900161306,39.63414150228516,3.6031037729350146,138.03855250602197,9.582215111137236,0.10000546443110717,5.009606906947605,0.1,274598.389317379,148.58067700333453,0.7698811196256532,0.07261012137798273,0.45622284779466743,0.41151352585429113,False,False,False,True,False
UGC05986,15,8.63,9.41,4268250357.1337233,15343370.274270814,2.4916502698408007e-10,7688.429378564675,52.979888570648946,4.075376043896073,6.387273263756905e-12,6.555316913229443e-12,4.451619548809689e-10,13736.262643090773,0.26971118537083005,41.39418655557685,3.1841681965828346,90.38556201935705,38.77454304981175,0.893695152036457,6.11817754237132,0.972353790946301,153957.77407408544,316.22776601683796,5.514305291204088,0.3663691413079737,2.301965205670262,2.0763752248673337,False,False,False,False,False
UGC08837,8,7.21,4.2,839607969.0112092,15150539.515587397,1.5510082206391533e-11,478.59112951350517,26.012125286380417,4.3353542143967365,2.3522141154175327e-12,2.772716221572914e-12,4.596474379496794e-11,1418.32379467127,0.1,12.977075833860786,2.162845972310131,261.93787054212186,40.8195985900923,0.10000546443110717,11.330812906303679,0.1,36545.00124176154,316.22776601683796,5.291169483086871,0.022805831012290563,0.14329326233444462,0.1292506850532628,True,False,False,False,True
UGC12506,31,100.6,49.99,158050234912.37903,20131632.76235193,2.0827571935621478e-10,6426.717179864596,126.4315012291617,4.35970693893661,8.822224423045659e-12,9.212448940277926e-12,2.8467300544848833e-11,878.4091109681704,1.6624238198375931,28.55005269576342,0.98448457571598,32.81247066732147,9.244860080977286,0.86977175149332,2.614871896631849,0.29401068327476176,45019734.85002573,9.722026238781055,0.15106350819286862,0.30624601445656474,1.9242004584157948,1.7356309946351232,False,False,False,False,False
UGC12632,15,9.77,10.66,3330754724.697797,9329929.681584634,8.110107805755678e-11,2502.517783969844,57.189589286300325,4.3991991758692555,3.435311200875106e-12,3.587261841736254e-12,1.6916619509384527e-11,521.9923357472733,2.5,3.120208357990979,0.2400160275377676,177.44494108888676,5.967226839488803,0.36127375263827394,6.780948146124236,2.3622065732342685,726162.6159009066,22.766389888120802,0.25410830545350305,0.11925001147531222,0.7492699199826788,0.6758423171463065,True,False,False,False,True
NGC3198,43,13.8,44.08,42920675327.77948,7031265.583012799,9.317375495041812e-11,2875.0416683387552,189.07148312635888,4.611499588447778,8.030624268391375e-13,8.100441787755292e-13,6.854443980708416e-11,2115.0604124860406,0.647707618253393,81.36148378215147,1.9844264337110114,965.8212115794198,7.594117550413936,0.43383520674592235,9.448007447996174,0.4853636555109806,6569414.572512774,15.216084602140755,1.3148424701434789,0.13700152467948606,0.8608059669273482,0.7764479579201511,False,False,False,False,False
NGC2955,24,97.9,35.43,227986382152.28873,57811831.68406569,5.520923596049576e-11,1703.579016945688,102.50104220935141,4.659138282243246,4.137908004355574e-12,3.448801215769393e-12,1.6169063089664417e-10,4989.251548949704,0.22524503412697383,81.11891011659577,3.6872231871179895,179.3549653147303,9.069558527944974,0.3437002887138662,3.920798939835706,0.11586157563039698,12510566.039335102,18.82416568378126,3.1814226938179644,0.08117897048372082,0.51006251459528,0.4600769663374647,False,False,False,True,False
NGC2998,13,68.1,42.28,123978450659.51161,22076304.453322317,9.029750033613055e-11,2786.2897245190725,53.97040363061375,4.906400330055796,7.782720552158618e-13,7.850382819087598e-13,5.33649811084584e-11,1646.6712584308043,0.7232952585416147,29.08545639488458,2.644132399534962,1166.4771456909887,9.688302915556319,0.40755345374321394,7.3815599071674685,0.19725467115105152,55183615.18832904,7.7396319903010005,1.9284364678719332,0.13277231584558752,0.8342330641212029,0.7524791694677546,False,False,False,False,False
NGC1003,36,11.4,30.24,13311833395.258215,4633662.810547178,9.265353285108711e-11,2858.9892916457343,168.94943761893848,4.969101106439367,7.985786446645662e-13,8.055214150052169e-13,1.1663068541229436e-10,3598.8469129068894,0.3367004133718371,135.90078936068463,3.997082040020136,552.8446343891507,6.797504737864253,0.3240678311394897,3.8805655290858736,0.6608659649990747,825444.6372754476,37.448952055218555,2.0277355145831537,0.13623659660700213,0.8559997821012681,0.7721127737590593,False,False,False,False,False
UGC11455,36,78.6,41.93,229287012260.54483,41512592.635526314,8.735612336458659e-11,2695.5283147209907,184.1954970965909,5.417514620487968,2.2393489084153186e-12,2.2982642463808574e-12,1.4024423126052497e-10,4327.484803340927,0.3954147025707658,161.6832245433461,4.755388957157239,248.61631230571874,6.553881328149068,0.4384688920916942,4.635400974009304,0.5363039913601922,161064.72666878704,316.22776601683796,5.079347201819844,0.12844735191155812,0.8070585142768277,0.7279676947048882,False,True,False,False,True
UGC06818,8,18.0,6.98,1689466941.414724,11037964.175848262,5.056436228944886e-11,1560.2531913895984,32.800426711124295,5.466737785187383,7.668444636954565e-12,8.01630424281691e-12,1.926740230494323e-10,5945.299134593843,0.1,12.02274539839256,2.0037908997320932,81.16975166733268,8.422272326848585,0.1586214881289519,2.6265231904634994,0.1,79143.31383548742,316.22776601683796,2.2934977454992236,0.07434920629512866,0.4671498405940164,0.4213696857454072,True,True,False,False,True
NGC3992,9,23.7,46.02,143822695018.26358,21616447.43480647,1.5438625741467764e-10,4763.8621339482615,40.0001660166829,5.7143094309547,3.957646970813719e-12,4.0617692484800366e-12,5.383617138190445e-11,1661.210671064697,0.8975218674245398,7.544753883863216,1.077821983409031,259.25790090795533,13.049721296136234,0.6175606910358462,3.596007876449051,0.4654768148821374,33039420.930842523,10.860722960167497,0.4783809206320468,0.22700762319416995,1.4263309626713685,1.2865521451223136,False,True,False,False,True
UGC05716,12,21.3,12.37,2534131077.609157,5271567.878375379,1.0083933176312891e-10,3111.5766535405724,66.22188132778298,6.622188132778298,2.5849870485511497e-12,2.65299582781267e-12,6.453162131332863e-11,1991.2377718382868,1.3092596308640485,11.25880060012495,1.125880060012495,364.9757987002473,6.31479836538143,0.5492725410703408,7.704452105633053,0.1,8000830.989105944,7.100371348628261,0.3655378489659449,0.14827289301113641,0.931626062820583,0.840327764692741,False,True,False,False,True
UGC05253,73,22.9,53.29,131705431296.63255,14762583.656437796,1.208624900629499e-10,3729.426760304677,480.9304013357372,6.773667624447003,1.0417109907764541e-12,1.0507675316929893e-12,1.14195901560727e-10,3523.7173334413037,0.5311655413330311,479.1312158281726,6.748326983495389,483.77989707497284,7.569971371260552,0.5586266030730448,4.186657851156028,0.3451570841972363,7177296.496084244,22.663753878446155,5.008782499411143,0.17771469470125786,1.116614358616849,1.0071874171912492,False,True,False,True,True
UGC06667,9,18.0,7.85,1617655114.847788,8355967.633442758,3.353840364527466e-10,10348.870024723237,49.5516732350968,7.078810462156686,1.9718915401007036e-11,2.095071327369103e-11,1.2289184562375994e-10,3792.0461298933405,2.5,22.223414474204805,3.1747734963149723,23.910717214855904,34.1389419227151,2.4999946132369164,2.7958322387828822,2.5,2724334.760526272,17.183271928767944,1.395512466431463,0.493144495160012,3.0985182463058822,2.7948669704395552,True,True,False,False,True
UGC02953,115,16.5,62.39,151409896931.64938,12381533.010369522,2.0738839906431325e-10,6399.337336541366,805.2527266827826,7.126130324626395,0.0,0.0,1.4895252509373023e-10,4596.194673882537,0.6165832122152364,424.32277171504103,3.7550687762393014,489.24061654485763,82.44654894507913,0.7096237371405811,4.005697088050777,0.6221025556098579,6919975.819749846,25.38984424731737,4.04192197235472,0.3049413097901676,1.9160027572256795,1.728236658869277,False,True,False,True,True
NGC4085,7,18.0,6.2,14859196625.830349,123044463.75521915,4.135411655033106e-11,1276.0547034173767,36.20001824287808,7.240003648575616,6.8737893032845124e-12,7.392818958797596e-12,5.708786359342799e-10,17615.474086547798,0.1,17.412474339701728,3.4824948679403454,175.36719121383302,14.663137904099061,0.3262238135109375,4.192089752399073,0.1,3378202.95283324,38.39845597608708,4.023504389915896,0.06080657608125193,0.38205898541361977,0.34461763791942546,True,True,True,False,True
UGC11914,65,16.9,9.83,84370448749.24144,277928734.97107375,3.361710880175308e-10,10373.15589841256,458.4895460812148,7.277611842558965,2.8974507887996243e-12,2.9226409632860178e-12,1.0645265064198411e-09,32847.8557576303,0.1,107.32422452304955,1.703559119413485,44.54085953337602,48.25933429530079,0.8545149763856114,9.982289448893995,0.1,251843278.67833504,4.577872047123815,1.8036803223350615,0.4943017659433371,3.1057895930880983,2.8014257334794235,True,True,False,True,True
UGC00191,9,17.1,9.98,3822042218.0422287,12214748.368627684,1.007552303869763e-10,3108.9815562309054,51.59602424600134,7.37086060657162,4.267829476316959e-12,4.456604054831996e-12,4.578608745258783e-11,1412.8110359665345,1.144041973833825,14.523344115322773,2.0747634450461105,258.2776895193665,6.655332793956058,0.5042716520653,7.6845176465634895,1.2899075163600462,998860.1658301887,26.489526730190217,2.5388812625454213,0.1481492313988435,0.9308490739951623,0.8396269198914691,False,True,False,False,True
UGC08286,17,6.5,8.04,1996800926.3155935,9832700.236182343,2.1785931656395916e-10,6722.436090404397,111.05824373973815,7.4038829159825434,5.58476044889817e-12,5.7316906785137116e-12,8.042609629295751e-11,2481.6900229804496,1.4724677787158733,30.586662895708887,2.039110859713926,134.06225700731943,35.76275664366154,1.0591373904092,2.500112469333694,2.4104173914749514,70918.4440047396,316.22776601683796,1.730317644306351,0.32033761600330646,2.0127406022089116,1.8154943046996597,False,True,False,False,True
UGC03205,48,50.0,40.04,79213022111.87865,15727459.386708563,1.4342707035337905e-10,4425.696955684069,350.4674524919927,7.618857662869406,1.2361945834821217e-12,1.246941947122584e-12,8.078296814839872e-11,2492.7019378184514,0.764783057739029,256.3898496325706,5.573692383316752,373.56140054895764,13.95920826942931,0.6074857163135051,7.187152761718284,0.13245871542120338,99165601.1340591,5.9734883608965506,2.969580050909594,0.21089337152056747,1.3250821333195952,1.1952255862781587,False,True,False,True,True
NGC3877,13,18.0,11.35,49927875618.764404,123367706.77177788,5.988567473262813e-11,1847.8788397495466,87.3654321027079,7.942312009337082,4.488405037876038e-12,4.852065194685823e-12,5.30584716646686e-11,1637.2133652386285,0.5207901588928052,87.34644469867253,7.940585881697502,219.53019541132278,13.057767227574987,0.3778645590009925,7.3526777295850705,0.1,25920213.2138605,9.717476567238448,3.938055748166805,0.08805514760240978,0.5532668096369909,0.49904728943856774,False,True,False,False,True
DDO168,10,4.25,4.12,623708872.3084185,11696006.93728869,6.680671345717254e-11,2061.4397800791494,65.59666495090127,8.199583118862659,3.927902904427253e-12,4.173270478829383e-12,8.695827097590964e-11,2683.2518727561583,0.1,63.57463785479737,7.946829731849672,213.25711977341632,12.396114460416724,0.10000546443110717,9.289907161314025,0.1,77415.8570174735,316.22776601683796,5.454324053178013,0.09823175643536843,0.6172083287331507,0.5567226121431045,True,True,False,False,True
UGC09037,22,83.6,27.96,63161852971.115425,25717612.927512776,2.8683327380603438e-11,885.0750026090553,174.56324658881087,8.728162329440543,1.6864371722033284e-12,1.791785244289948e-12,1.2367128125942765e-10,3816.097000565294,0.15819548764286226,32.87165377235359,1.6435826886176794,406.1237056425373,42.871662301903115,0.16553439076236467,1.5581819967554018,0.1,3078811.830887723,25.811302733206702,1.2498278220063166,0.042175606061113084,0.26499714832458005,0.23902772817169532,False,True,False,False,True
NGC0801,13,80.7,59.82,236301234774.26874,21019544.520691987,4.4623619154790455e-11,1376.9410123094567,96.8177654531271,8.801615041193372,1.143913546011676e-12,1.1740089245895507e-12,3.080583970896641e-11,950.568889689742,0.6007220220952361,62.48896858930009,5.680815326300008,1262.0969332466186,76.71977026876817,0.3056573081446454,37.87322265928598,0.6335792418483589,66547.24013002502,316.22776601683796,5.407680664503159,0.0656140118446045,0.4122649951671263,0.3718634929565871,False,True,False,False,True
NGC2841,50,14.1,63.64,174378424075.09113,13705110.258464746,2.831128214001738e-10,8735.948860272858,439.22864326873815,9.150596734765378,2.4401428228784556e-12,2.4613572033665685e-12,1.4113201991054283e-10,4354.879098685553,1.0420484190701238,97.3207021999809,2.027514629166269,139.61573681990163,99.01000012379508,1.202981589899232,2.3129702344225462,1.2677708677768034,1289241.5493309475,67.83670564833488,1.6461823156570083,0.4162855538963205,2.6155992758324764,2.359273511668115,False,True,False,True,True
NGC5585,24,7.06,10.96,4238475879.7556806,11231525.178467259,8.300471077495539e-11,2561.257751964548,203.78079676940987,9.262763489518631,2.1278017076313075e-12,2.1837823349725112e-12,1.6370495701952216e-10,5051.407158541474,0.20759756377913421,78.22955255900845,3.5558887526822023,275.15201894840106,11.277318390057026,0.2940782295496647,4.409383297639816,0.1,4211509.796304169,13.935159005829378,2.919886735553528,0.12204908922904391,0.7668570441985789,0.6917059231246283,False,True,False,False,True
UGC05764,10,7.47,3.62,376839154.27200294,9153538.376874728,2.376935644793536e-10,7334.457031787142,77.31629148544498,9.664536435680622,1.3975200903733158e-11,1.484820139049835e-11,1.1909703279268356e-10,3674.950441105259,2.5,33.35841826216306,4.169802282770383,51.38256386946014,23.1231827173104,2.4999941338577676,3.724136440684793,2.5,15917232.221651217,3.8318747061274627,3.2126811720064223,0.34950164622540025,2.1959836083985125,1.9807797039946133,True,True,False,False,True
UGC09133,68,57.1,108.31,225805195488.6757,6126986.8171297,8.517461961455645e-11,2628.214142566917,673.1702792754126,10.1995496859911,7.341180654268772e-13,7.405004213355387e-13,6.755733339212023e-11,2084.6014911340353,0.6441803398128193,523.4608459062927,7.9312249379741315,1574.2046353994645,21.528918056344214,0.3649268333345914,19.7987289502092,0.4439119858493336,6421387.348443165,23.887118443679263,5.638572332623187,0.12523969606461724,0.78690421818884,0.7097884967879704,False,True,False,True,True
NGC5033,22,15.7,44.59,81293446340.58841,13014596.800180413,1.3527313296715504e-10,4174.092737748511,218.58322358245042,10.92916117912252,1.1659159867985012e-12,1.1760523546902302e-12,9.772846519320588e-11,3015.585341202348,0.685221565352626,185.58717451652183,9.279358725826091,942.5145260213328,20.306783442271417,0.5875508754266057,9.291014857762821,0.14001381917067748,54231273.516911976,7.7745144287941175,3.6217598402309803,0.19890392390575137,1.2497502122249833,1.1272761080596254,False,True,False,True,True
UGC02259,8,10.5,8.14,2315905619.740939,11125567.528813025,2.258511225889712e-10,6969.0374572744695,69.19301659297602,11.53216943216267,9.566690230794029e-12,9.989843950061306e-12,3.2991488724610624e-11,1018.0109713755623,2.47010562554896,14.399968383544968,2.399994730590828,131.97812160453276,42.44912779293436,1.0651456369842318,4.900828146883204,0.20358057249530276,42428742.143343024,3.6903855353842916,0.5563180652366738,0.33208866769111267,2.0865746375176433,1.8820926882414266,True,True,False,False,True
UGC04325,8,9.6,5.59,2455600161.4774547,25014058.70797862,2.7685126938796643e-10,8542.737553578752,74.14280042194918,12.357133403658196,1.1726974406307943e-11,1.22456817874467e-11,2.447247509050497e-11,755.141677503771,2.5,25.581472328952326,4.263578721492054,53.15827310640596,38.110990201188606,1.1825562483684668,6.71150096339465,2.238655438981669,29899029.548101455,2.797457883550874,1.9608426267017187,0.40707864608211025,2.557750567929674,2.307093911566387,True,True,False,False,True
NGC7331,36,14.7,36.31,155043580708.89655,37432722.89300489,6.824358502665643e-11,2105.7770039735374,443.9092517886751,13.056154464372796,5.881898721037223e-13,5.933035415287621e-13,1.5016265342733102e-10,4633.535332579731,0.30197765822940925,40.31109144111505,1.185620336503384,1053.8571653183285,33.494359330541656,0.35911449559498976,1.5151004089699942,0.3482523377140235,2697175.3145353473,38.82183224311189,0.8546120383132799,0.10034451443135833,0.6304831787311806,0.5686965418888036,False,True,False,False,True
D631-7,16,7.72,7.19,556094193.7868962,3424054.8035881575,5.20969645805216e-11,1607.5443566986532,184.8248407449342,13.20177433892387,3.0630427377461692e-12,3.2543843735088105e-12,7.154955225441643e-11,2207.788493571979,0.1,138.02719988264238,9.859085705903027,234.493494419035,22.769372656366237,0.10000546443110717,14.408225254834717,0.1,53118.82582190033,316.22776601683796,3.712678673610345,0.0766027255475831,0.4813091196504844,0.4341413715043467,True,True,False,False,True
NGC2903,34,6.6,24.96,47012555009.98626,24020100.48519606,1.153189217192538e-10,3558.3701147085935,482.6605241302799,15.083141379071247,9.93931104157138e-13,1.0025722510707242e-12,2.0949809261718635e-10,6464.43567754054,0.353693066398723,233.3382994527812,7.2918218578994125,694.9059635563142,15.063851040608883,0.4826984045407079,11.225889756965017,0.21258544883478123,126426337.6669955,4.584623705454904,5.868978548487401,0.16956350109898807,1.0653988987390914,0.960991014327115,False,True,False,False,True
NGC6015,44,17.0,29.23,26542257151.16103,9888498.433035867,1.5520112820223638e-10,4789.006419158084,657.0234125874459,15.64341458541538,1.337674914234926e-12,1.3493045386711152e-12,7.08107674210801e-11,2184.9919755942615,0.797941764399881,345.0407546856321,8.215256063943622,301.642544617947,24.515030317742266,0.6385220942082522,11.330810475701107,0.4702309693127744,24343681.323461622,7.9774530861453625,6.760084026711541,0.22820579901494406,1.4338593233838741,1.2933427350186364,False,True,False,False,True
NGC6674,15,51.2,72.41,148123382178.58545,8992421.438016864,1.3893299340907917e-10,4287.024230918835,213.9813722572905,16.460105558253115,1.1974602388246863e-12,1.2078708495839084e-12,7.183818303693599e-11,2216.694708921468,0.8702491058800658,113.70539494550738,8.746568841962105,1762.9977217197447,40.31057671455802,0.5901137530759745,13.232758920722077,1.2141758256495307,88456.10248268233,316.22776601683796,2.32812658140266,0.2042853369541421,1.2835626276224967,1.1577749450756598,False,True,False,False,True
NGC5055,28,9.9,54.59,97957640102.21094,10463145.211939113,4.737186602528547e-11,1461.7430498763595,461.42034372610794,17.746936297157998,4.082970114749954e-13,4.1184670867823016e-13,7.845030766005495e-11,2420.7235560773206,0.39146771460576035,41.34898981998067,1.590345762306949,2086.960872343141,114.41668534773557,0.3333577333986032,10.05576991378696,0.3466620398493018,8317462.917337804,16.088115124753198,0.8928390552834757,0.06965499969202786,0.4376552706365481,0.39476555021071225,False,True,False,False,True
ESO563-G021,30,60.8,42.41,210368455643.45682,37230099.860291176,3.0206677290150656e-10,9320.806692556229,507.68646867908967,18.131659595681775,2.6035064900286468e-12,2.626141139429038e-12,1.6272596394404877e-10,5021.198588687238,0.710458593713535,481.84109615366805,17.208610576916715,65.41407284992233,58.649651787518664,0.8349200664424721,16.769564291791283,0.9202788118600548,206026.00008491616,316.22776601683796,17.730404756792055,0.44415520727419977,2.790709472452556,2.517223107512555,False,True,False,False,True
NGC5371,19,39.7,46.24,200361725069.3458,29828350.571268857,3.2372078528696894e-11,998.8979698227805,317.6941600600197,18.687891768236454,8.298488523102248e-13,8.516814597303695e-13,1.3539687438065832e-11,417.7910998804002,0.6241918597497328,193.2452605275447,11.367368266326158,1950.1672694501426,157.6055645548943,0.29513332835117606,54.80822459455957,0.22278165900542318,96437892.8900049,5.78523341842244,4.249987653728089,0.04759949964274383,0.299076476784388,0.26976732107247414,False,True,False,False,True
NGC5907,19,17.3,50.33,139123457768.93726,17482221.947870392,9.313344088577037e-11,2873.7977062837317,318.2315492621629,18.719502897774287,8.027149608534889e-13,8.096936919522854e-13,4.6203911662566574e-11,1425.703743943892,0.7726953028774343,108.31165380946499,6.37127375349794,2040.3027316365967,24.02152414839923,0.43897228347486267,26.889854268209152,0.13085173831186864,107794352.21461579,6.118409383324143,4.097003796773119,0.1369422473827225,0.8604335166872743,0.7761120073814197,False,True,False,False,True
UGC00731,12,12.5,10.91,3450805393.3934917,9228287.034855578,1.090387550351992e-10,3364.5844192584314,193.7991658762707,19.379916587627072,4.618706254879359e-12,4.823000810551497e-12,6.377009105362775e-11,1967.7394033384235,2.5,59.204476843443075,5.920447684344308,176.8736731597899,17.61964020986965,1.3599664282539135,13.293997214126483,2.5,4503881.0359061295,9.043653342336109,0.26041164775763764,0.16032922250396264,1.0073782151484247,0.9086562919599933,True,True,False,False,True
UGC06787,71,21.3,37.19,70602013575.26663,16248559.232789082,2.522241701705212e-10,7782.824674054409,1361.5479736370228,19.732579328072795,2.1739142563526885e-12,2.1928140698187387e-12,2.920748701578821e-10,9012.488789631787,0.3767207684358967,1342.6925210442814,19.459311899192485,277.9079100257923,120.50056821776829,1.1691419642856595,24.45301347122997,0.9830356861461079,1109353.4393090955,81.61873474781409,11.420118589648496,0.3708672672124017,2.330227764262808,2.1018680847543436,False,True,False,True,True
NGC4389,6,18.0,5.32,12761277437.56554,143522837.9470032,1.0824013929784454e-13,3.3399417124886166,84.06732528960309,21.016831322400773,1.0481728555349367e-13,4.771845704144747e-13,1.2222201305276129e-10,3771.3772564165074,0.1,18.224155197816295,4.556038799454074,239.98036237488571,63.36448025280968,0.10000546443110717,3.6270990275573096,0.1,152608.28817164587,316.22776601683796,4.465742717947424,0.00015915494790583312,0.0010000000302468632,0.0009020011608153712,True,True,True,False,True
UGC02487,17,69.1,80.38,311334527580.7678,15338447.741373299,2.625799371310794e-10,8102.370253547843,340.7291824451041,22.715278829673604,2.2631703709265262e-12,2.2828461689609994e-12,7.65297750431237e-11,2361.4621116714434,1.3422620572832695,49.30507605255794,3.2870050701705296,592.9009730921416,309.4704694456245,1.037455140073236,7.187742685439214,1.2330078180794808,3567883.5853276546,40.12807078145958,3.893200551769527,0.3860942575121583,2.4259017659868047,2.1881661427589947,False,True,False,True,True
NGC0891,18,9.91,17.11,87610447654.86838,95258997.70328584,6.939028049156867e-11,2141.1603288623123,371.688242817294,23.230515176080875,1.7787997325029463e-12,1.8255984189513873e-12,2.68230240757917e-10,8276.720405847365,0.19810033189011247,76.71514399282368,4.79469649955148,985.8543132938229,38.31888793997248,0.37802020739696124,8.53705827089018,0.1,72349315.83797409,6.700517090510491,2.715761574437201,0.10203060111016213,0.6410771737780718,0.5782523374297389,False,True,False,True,True
UGC00128,22,64.5,53.75,21503991655.254353,2369257.5485235085,1.0503089833239793e-10,3240.9148834817934,559.7601416083705,27.988007080418527,9.052588698693646e-13,9.131291084169398e-13,3.6609766826397755e-11,1129.659367598419,1.9484212519726491,45.95945633879381,2.2979728169396902,1016.9452623861329,26.809227803380345,0.5408529705854731,29.346212669746507,0.1,5424722.419539878,15.473962783393159,1.3328459052212993,0.15443612010326124,0.970350760730633,0.8752574861033161,False,True,False,False,True
NGC5985,33,39.7,34.72,156665752878.9024,41368022.826274864,3.6328507601334063e-10,11209.806147447525,911.3175075584816,29.397338953499407,3.131145620705772e-12,3.1583675168741515e-12,1.6128287319268223e-11,497.66694608917453,1.770136332190109,596.3650095975257,19.237580954758894,98.83571114253071,176.98310360900788,1.0720884031356082,25.496264231745283,0.1,85882468.68714516,8.870896020875444,1.8677708683736907,0.5341698349885737,3.3562880587387505,3.0273756334445054,False,True,False,False,True
UGC02455,8,6.92,4.03,2824562375.2880206,55359378.37170028,1.0824013858807204e-13,3.3399416905873256,188.98835789144218,31.498059648573697,1.0481728486616615e-13,1.2161594824805408e-13,1.9414826468397033e-11,599.0789478207794,0.1,18.678260109947427,3.1130433516579044,471.4452053955234,136.34448239141315,0.10000546443110717,24.997440400783546,0.21172754770855243,1121.3620583093136,0.1,9.697756357937573,0.0001591549468621925,0.0010000000236894757,0.0009020011549006003,True,True,False,False,True
UGC02916,43,65.4,38.0,126309705108.91882,27843232.58803886,4.630215080912905e-11,1428.7350872656189,1551.9588973277334,37.85265603238374,1.1869422185662e-12,1.2181696443994772e-12,2.019669651293102e-11,623.2049365013612,0.9955301386054464,1482.130168613107,36.14951630763675,774.3863227319761,65.26677769062024,0.10000546443110717,39.828135359405536,1.4394828380221407,3528.006316642297,0.10303688475921415,39.083565981510375,0.06808210380880128,0.42777247433333554,0.38585125674274207,False,True,False,True,True
NGC4217,19,18.0,16.72,61762878737.19747,70324250.32200998,2.436387720827375e-11,751.7906969977879,673.3561101448994,39.609182949699964,2.5930855569473398e-12,2.433962526985601e-12,3.8772990498923576e-11,1196.4094754990626,0.1,653.762931077587,38.456643004563944,323.7086276289688,61.20759885288175,0.10000546443110717,47.652969819442575,0.1,115591.73372499473,316.22776601683796,37.99895630917654,0.0358243405174936,0.22509096997891415,0.20303231006894792,True,True,False,True,True
IC4202,32,100.4,25.9,131970033880.50433,62621854.8682553,1.2414768334877315e-10,3830.797233033984,1241.3854484998053,41.37951494999351,3.1824898871607837e-12,3.266218450659466e-12,2.2074803904189704e-11,681.1572752297628,1.0912544755369087,1076.5481591501698,35.884938638338994,269.74447746487914,40.76300015204389,0.5847933214902682,37.12278019550584,1.057402387338892,83138.35753491215,316.22776601683796,36.80575743833188,0.1825452018463665,1.1469653301372218,1.034564027906443,False,True,False,True,True
F571-8,13,53.3,15.55,6014338179.013279,7917301.521831013,1.648581963465555e-10,5086.992405916683,514.0863995875162,46.735127235228745,6.9831279932362645e-12,7.292005620835109e-12,9.590848195477102e-10,29594.265264270627,0.1,288.52696498517514,26.229724089561376,116.29642530602268,46.58749602849945,0.4827149850548226,43.89250692841872,0.1,1509790.528663645,53.20625122047696,3.319099386998508,0.24240543130849557,1.52307824437807,1.3738183028879625,True,True,False,False,True
UGC03580,47,20.7,27.06,15105658378.38969,6566503.823531468,5.857177611758561e-11,1807.336164741654,2237.7705492026225,49.728234426724946,5.048287760678712e-13,5.092177116811641e-13,1.1510467867425986e-10,3551.759265099311,0.1,1329.9763256947042,29.555029459882316,677.3035518754098,70.27139698627217,0.10000546443110717,26.738849431984352,0.1,1335552.1549543745,34.889897746691915,15.034102539826764,0.08612320750156402,0.5411280719810058,0.48809813431321347,True,True,False,True,True
UGC06973,9,18.0,7.85,31512273264.727703,162776065.8247878,1.3855050000749411e-11,427.5221717775441,639.621440654147,91.374491522021,3.6214332157058084e-12,3.647924368456188e-12,3.633280654376973e-10,11211.13266247731,0.1,31.223423161785412,4.460489023112202,446.6069239539237,113.00537689230138,0.22329282185583382,14.690293831882311,0.1,13358864.936855825,15.767982730831982,0.9374501621757556,0.020372292343732206,0.12800288792770537,0.11545875000624509,True,True,False,False,True
