galaxy,points,aM_HRC0_si,aM_HRC0_over_match,chi2_HRC0,chi2red_HRC0,success_HRC0,aM_HRC0_freeML_si,aM_HRC0_freeML_over_match,ups_disk_HRC0_freeML,chi2_HRC0_freeML,chi2red_HRC0_freeML,success_HRC0_freeML,aM_HRC3_si,aM_HRC3_over_match,chi2_HRC3,chi2red_HRC3,success_HRC3,aM_HRC3_freeML_si,aM_HRC3_freeML_over_match,ups_disk_HRC3_freeML,chi2_HRC3_freeML,chi2red_HRC3_freeML,success_HRC3_freeML,Vflat_obs_km_s,Mbar_eff_Msun
CamB,9,3.06173651907133e-12,0.028286517659167735,22.382942305225974,2.7978677881532468,True,1.0139568580648854e-11,0.09367660604572885,0.1,17.899751844687145,2.557107406383878,True,1.5828451186315715e-12,0.014623458328634943,22.241240342743865,2.780155042842983,True,3.1343116748229663e-12,0.02895701899460211,0.23465078062479724,18.9511630673981,2.7073090096283,True,17.2,65515753.82103299
D564-8,6,3.953531241289874e-11,0.3652555684534787,5.016247275418387,1.0032494550836772,True,6.351877122482719e-11,0.5868319604734253,0.1,2.7517427831606778,0.6879356957901694,True,3.776792425311741e-11,0.34892716916736954,5.424081734781268,1.0848163469562535,True,6.241502290169818e-11,0.5766347419214727,0.1,2.805511545630836,0.701377886407709,True,23.611023780733575,49447721.84915283
D631-7,16,6.785454030752465e-11,0.6268889046160242,156.66001381685976,10.444000921123983,True,8.781869474107389e-11,0.8113320803815958,0.1,121.45919295990737,8.675656639993383,True,6.298476081087454e-11,0.5818983893087084,191.30202053415616,12.75346803561041,True,8.337828487300212e-11,0.770308389621539,0.1,134.18475103006708,9.58462507357622,True,58.0221351027432,561514707.2220056
DDO064,14,1.210379322180503e-10,1.1182352190623832,3.874931039017573,0.29807161838596713,True,1.4490089991309717e-10,1.3386984277354894,0.3323875468509858,3.5164308031237983,0.2930359002603165,True,1.0912059764802975e-10,1.0081343358984252,3.68690766104595,0.28360828161891927,True,1.3517516762439868e-10,1.2488451381336618,0.3323875468447053,3.5124815742987803,0.29270679785823167,True,46.4154664465286,318340640.30554503
DDO154,12,9.665510606622545e-11,0.8929691851538847,17.065539948373832,1.5514127225794392,True,1.1271766549637878e-10,1.0413666282853649,0.1,2.4359245999336627,0.24359245999336626,True,9.282673310677504e-11,0.8575999302722724,18.67382245632433,1.697620223302212,True,1.0938508117102565e-10,1.0105778243557701,0.1,2.213907520324855,0.2213907520324855,True,47.03333333333333,361688370.38764435
DDO161,31,4.42745634831153e-11,0.4090401685501492,43.74970006660026,1.458323335553342,True,5.1876365353922293e-11,0.4792710657944678,0.1,13.084656766879824,0.4511950609268905,True,3.740983240604684e-11,0.3456188598818802,85.37162745162567,2.845720915054189,True,4.613196156077808e-11,0.4262001440074261,0.1,22.657705566009263,0.7813001919313539,True,66.47174223992644,2865447352.9557962
DDO168,10,9.060082280104198e-11,0.837035374576951,57.388301906713465,6.37647798963483,True,1.115136746769011e-10,1.0302432976641651,0.1,56.66529091454414,7.083161364318017,True,7.869193878797368e-11,0.7270125637183564,71.02809228966777,7.89201025440753,True,1.0224693211461903e-10,0.9446304843152036,0.1,64.70230612776643,8.087788265970804,True,54.10111606077981,573047143.0065967
DDO170,8,5.367116187381628e-11,0.4958526831669493,12.470591787846663,1.7815131125495234,True,4.001768597308025e-11,0.3697120813321664,1.2165138668778206,8.078712516078564,1.346452086013094,True,4.859332064196678e-11,0.4489399443403152,10.773602691590328,1.5390860987986184,True,3.90177612473822e-11,0.3604740596294121,0.8899505018150252,7.72033807338912,1.2867230122315199,True,60.4,2128795882.3644588
ESO079-G014,15,2.1183112739848717e-10,1.9570478676382543,45.59190408881496,3.256564577772497,True,1.446548158081477e-10,1.3364249262970298,0.7201005731294244,43.881271748641964,3.375482442203228,True,1.7099229285702333e-10,1.57974942695227,47.37036966136101,3.383597832954358,True,5.843804545523696e-11,0.5398925722185229,0.8710380475478466,45.34519922094765,3.488092247765204,True,175.32590286610946,33132947827.80827
ESO116-G012,15,2.3861197301131685e-10,2.2044685250449616,28.3229507136387,2.02306790811705,True,2.826260998892457e-10,2.611102593466699,0.38862980118382995,26.18654925632878,2.0143499427945217,True,2.1855458343970153e-10,2.0191639762112197,38.16667194673704,2.72619085333836,True,2.941519656143006e-10,2.717586806702608,0.3360589559602349,27.183705910207053,2.091054300785158,True,110.06809958748308,4986278067.232885
ESO444-G084,7,3.493855453113933e-10,3.227874226194456,5.187546698183744,0.8645911163639574,True,4.2013958416048604e-10,3.88155077768601,0.11269478031956907,2.8139471252036046,0.5627894250407209,True,3.413777055120388e-10,3.1538920593798756,5.729057704265129,0.9548429507108548,True,4.150250651355752e-10,3.8342991831039357,0.10619297242400631,3.0524469363528977,0.6104893872705796,True,61.66212709572607,277528111.9006337
ESO563-G021,30,4.4676911447661215e-10,4.127573475867406,584.868163408627,20.167867703745756,True,1.6562450618277318e-10,1.5301579641970504,0.9802813809340619,481.83634057054167,17.2084407346622,True,3.063799634504072e-10,2.830557819907953,471.70627757453616,16.265733709466765,True,2.806103690680152e-10,2.5924798265774833,0.5251985274911785,470.1160828895141,16.789860103196933,True,316.68527392822267,212810550931.14005
F561-1,6,1.3092035389711446e-11,0.12095361176207539,4.911334257405116,0.9822668514810232,True,1.0824013602392006e-12,0.010000000000000009,0.9119390946244839,3.1734772000812757,0.7933693000203189,True,6.461974291353903e-12,0.05970035264853947,4.91515387700043,0.983030775400086,True,1.0824013602392006e-12,0.010000000000000009,0.8986449655596833,3.232437797955856,0.808109449488964,True,50.0,3294630218.1007013
F563-1,17,2.5941676251640575e-10,2.396678090455072,24.283805884334694,1.5177378677709183,True,1.2399903116791829e-10,1.1455919746859498,2.0810455081083137,16.153265419913556,1.0768843613275705,True,2.5462826261008693e-10,2.352438494292142,24.059936587283893,1.5037460367052433,True,1.4041347300097702e-10,1.2972403598046762,1.5629808020129987,16.58234877708953,1.1054899184726352,True,110.89766568128397,5788499023.089401
F563-V1,6,4.581847031163108e-12,0.042330388703046035,1.8987019941834595,0.3797403988366919,True,1.0824013602392006e-12,0.010000000000000009,0.9394937551008425,0.959583235269019,0.23989580881725475,True,2.273391872490007e-12,0.021003224459987844,1.911015106368721,0.3822030212737442,True,1.0824013602392006e-12,0.010000000000000009,0.8502189290889208,1.1915506009475711,0.2978876502368928,True,28.46666666666667,946068558.6429583
F563-V2,10,5.034635823133849e-10,4.651357627656016,8.555531544811277,0.9506146160901419,True,1.3793045555368593e-10,1.2743004639536364,2.5,3.459551534036285,0.4324439417545356,True,4.912600790047174e-10,4.538612912461177,8.493174844169136,0.9436860937965706,True,9.402830322038737e-11,0.868700896676701,2.347619165893232,2.482924674403151,0.31036558430039385,True,117.21381903153585,5424786682.065426
F565-V2,7,2.0562563342417281e-10,1.8997170640910102,1.6410785230651643,0.27351308717752737,True,2.1986856578668167e-10,2.0313034874428926,0.3892515801892234,1.6201812505009443,0.3240362501001889,True,2.0089786166383325e-10,1.856038518091264,1.637463903769266,0.272910650628211,True,2.145535088622633e-10,1.9821991799312701,0.3957486382892504,1.6184313077947214,0.3236862615589443,True,78.79184880431987,1409089767.2333944
F568-1,12,4.772073439364971e-10,4.408783668112161,12.746105331884468,1.1587368483531335,True,1.55150574710643e-10,1.4333922739745661,2.078854105948836,8.060851819692564,0.8060851819692564,True,4.657530451626328e-10,4.302960641694927,12.828048045840967,1.1661861859855425,True,1.8475738798295042e-10,1.7069212472360615,1.4693459967825633,8.526405183982735,0.8526405183982735,True,132.21523579201934,6489659885.128942
F568-3,18,1.2653697327092795e-10,1.1690393038952258,44.446050391047514,2.6144735524145597,True,1.4436183028742372e-10,1.3337181159447289,0.42690739163115476,44.310596925943045,2.7694123078714403,True,1.1554765286248308e-10,1.0675120810726646,43.81680928115294,2.577459369479585,True,1.2553526805106077e-10,1.1597848327104723,0.46048623954482926,43.78176461649269,2.736360288530793,True,104.58609703644359,8417111661.211921
F568-V1,15,5.844239409334084e-10,5.399327480559122,20.61131534060236,1.4722368100430256,True,1.2772292489513547e-10,1.1799959754938778,2.5,4.458805569073124,0.34298504377485567,True,5.747738026854411e-10,5.310172582917135,20.380927296166565,1.4557805211547545,True,7.45532484349804e-11,0.6887763742139505,2.5,1.8403028056365986,0.14156175427973836,True,114.00591099819947,4533065923.098667
F571-8,13,2.2514297084033013e-10,2.0800322238192295,384.83154619247887,32.06929551603991,True,1.025768424052354e-09,9.476784321720269,0.1,262.018286066319,23.81984418784718,True,1.6362797780752067e-10,1.5117126032746353,573.3598079949961,47.77998399958301,True,1.0225958238625684e-09,9.447473565966188,0.1,269.37206117589994,24.488369197809085,True,134.93406593406593,5618354819.351454
F571-V1,7,1.0768610789760603e-10,0.9948814908529725,1.156036673124707,0.19267277885411782,True,9.812978687942784e-11,0.9065933440599351,0.6185024313201082,1.1183615452720088,0.22367230905440177,True,1.0135812015548301e-10,0.9364190020334408,1.0723228576981083,0.17872047628301804,True,9.723754501560243e-11,0.8983501738589271,0.5451719839476677,1.0631815957783892,0.21263631915567785,True,83.56666666666666,3719662541.018517
F574-1,14,1.8771528085516004e-10,1.7342483828150113,34.940589595804894,2.687737661215761,True,4.523505196830027e-11,0.41791384998170905,1.9916753976655337,18.428474450324572,1.5357062041937144,True,1.7800408537344419e-10,1.6445293946610258,34.060399964405036,2.620030766492695,True,3.929871814975999e-11,0.3630697409792184,1.4417038849461896,16.53979712138978,1.3783164267824815,True,98.89877150103108,5173750156.440844
F579-V1,14,2.3360148774510107e-10,2.1581780689325587,40.40140547818818,3.107800421399091,True,1.01310760862195e-11,0.09359814629187675,2.5,13.031842435878085,1.0859868696565071,True,2.130483099975331e-10,1.9682930733794681,38.25643201248084,2.9428024624985265,True,5.254165192512542e-12,0.048541746024334496,2.5,13.030019634867465,1.0858349695722886,True,113.72678762006403,8936915161.730501
F583-1,25,1.9488243107600848e-10,1.8004636564106078,71.22930726570137,2.967887802737557,True,6.74156324333227e-11,0.6228339589154298,1.9903291207347036,35.21525944776114,1.5310982368591801,True,1.9099376152957966e-10,1.7645373384173502,71.82451202950236,2.992688001229265,True,7.184591800814642e-11,0.6637641141939179,1.5767966969310672,37.4585049242154,1.6286306488789304,True,80.01653336052811,1549485641.8241367
F583-4,12,1.0071289132357985e-10,0.9304579153644387,1.2614498654604271,0.11467726049640246,True,9.967295279920396e-11,0.9208502174939733,0.5058099047856268,1.2613890682826365,0.12613890682826365,True,9.248380591818416e-11,0.8544317229770128,1.2206231765261983,0.11096574332056348,True,1.0244741632391837e-10,0.9464827012161047,0.4532689611086584,1.210588396076628,0.1210588396076628,True,67.16666666666667,1520939796.3175046
IC2574,34,4.604038627035589e-11,0.4253541058021346,63.655056502551645,1.9289411061379287,True,9.00332793503564e-11,0.8317920011709886,0.1,12.25941416531367,0.3831066926660522,True,4.117101845958898e-11,0.3803673939442445,61.18478264064301,1.8540843224437276,True,8.762563202525969e-11,0.8095484285597657,0.1,12.084671787168233,0.3776459933490073,True,64.30916761254647,1883112680.1726518
IC4202,32,2.400104336264095e-10,2.217388507100265,1126.6998338182905,36.34515592962227,True,7.080610951396456e-11,0.6541576176356351,1.1383100924570368,1044.3981356098536,34.813271186995124,True,1.2982206073491373e-10,1.1993892977575746,1072.897537525083,34.60959798468009,True,3.462003187731618e-11,0.3198446819178563,1.149415759977977,1044.1361060533366,34.80453686844455,True,243.47528436258642,128980929402.07846
KK98-251,15,3.0390423752532935e-11,0.2807685288368167,14.059240416058643,1.004231458289903,True,3.801495451547651e-11,0.35120941188650756,0.1,10.73281826440265,0.8256014049540501,True,2.051391976165264e-11,0.18952230212570384,10.563785446171977,0.7545561032979984,True,3.060425710848516e-11,0.28274407472771407,0.1,8.627490512167586,0.6636531163205835,True,33.675,248463913.63488185
NGC0024,29,3.6358579641172523e-10,3.359066329437876,70.93479685748828,2.5333856020531527,True,1.0076360015907706e-10,0.9309263999521337,1.8165275603284032,14.783357320430587,0.5475317526085403,True,3.340036171746954e-10,3.0857649430603455,51.63540572093711,1.844121632890611,True,1.7000029849947542e-10,1.5705846716776768,0.9512485911887688,16.10894390398997,0.5966275519996286,True,106.96593862371712,3625468669.0077887
NGC0055,21,6.31378787566451e-11,0.5833130026988536,31.20448987451989,1.5602244937259946,True,9.972024333440578e-11,0.9212871213721371,0.1,8.855270658075042,0.4660668767407917,True,4.2549553698078507e-11,0.3931032910811891,47.59377729910112,2.379688864955056,True,8.884512337333919e-11,0.8208149641802494,0.1,9.793713068025303,0.5154585825276475,True,86.68026541178735,6311197424.981248
NGC0100,21,1.307217170203141e-10,1.2077009677022759,25.23449039605071,1.2617245198025355,True,4.2944738825320874e-10,3.9675429469000782,0.10750632851592701,6.601695211165609,0.3474576426929268,True,1.1546552295685494e-10,1.0667533061057706,34.05412972433111,1.7027064862165555,True,4.260253253747996e-10,3.935927475928637,0.10715834597042921,6.502363610912155,0.3422296637322187,True,87.05221638363125,2572516687.168933
NGC0247,26,1.4395621837031435e-10,1.329970782173643,58.629965606034084,2.3451986242413634,True,3.341436330512225e-11,0.30870585101387915,1.825529381766086,25.87170214587369,1.0779875894114037,True,1.3042010225053258e-10,1.2049144341587956,56.39438873441583,2.255775549376633,True,1.551507947912942e-11,0.14333943072374508,1.8885663302980429,25.927678748133157,1.0803199478388816,True,105.8260686916319,8104589396.032816
NGC0289,28,1.0018364155772973e-10,0.9255683264809477,156.01799544718168,5.778444275821544,True,6.023739486782787e-11,0.5565162524788034,0.9070803753528504,64.73513746124695,2.489812979278729,True,7.999635233485086e-11,0.7390636715125015,59.11133738445524,2.1893087920168606,True,6.374557303426018e-11,0.5889273182377843,0.6234684876580064,45.27693073106389,1.7414204127332267,True,162.43628237528648,88053119787.53181
NGC0300,25,1.8474219863062569e-10,1.7067809171063824,16.594705713813102,0.6914460714088793,True,1.970264458619535e-10,1.8202716025635137,0.45767994951722285,16.341428656861492,0.7104968981244127,True,1.7341158865334689e-10,1.60210061649428,20.21392902325291,0.8422470426355378,True,2.0563728602607183e-10,1.8998247191839086,0.4036793918697877,17.579167929191676,0.7643116490952903,True,95.45512326251904,3119500838.447522
NGC0801,13,7.506938670546142e-11,0.6935448297004344,166.07098256516988,13.83924854709749,True,5.041511618841736e-11,0.4657709980822284,0.6636523227798171,57.18452824646021,5.198593476950928,True,4.2715221577912517e-11,0.3946338497622812,156.65612380428996,13.05467698369083,True,2.53431335430052e-11,0.23413804226377383,0.6648903063308856,58.80286005535228,5.345714550486571,True,216.3310485844969,220597210821.27252
NGC0891,18,1.5716874951471188e-10,1.4520376201299228,214.88264430801976,12.640155547530574,True,2.7617888474327206e-10,2.5515385963875667,0.3051179826675687,77.4299408918412,4.839371305740075,True,7.862455839617334e-11,0.726390055337681,206.95339534144745,12.173729137732202,True,1.7046747986035048e-10,1.5749008281242267,0.28952511842845446,39.87223320730826,2.4920145754567664,True,215.54637304159937,88879615377.19235
NGC1003,36,1.1311029192369723e-10,1.0449939927893384,115.6699641107796,3.304856117450846,True,1.1830537800049161e-10,1.0929899235746279,0.45959387083716513,114.63186103406066,3.371525324531196,True,1.0530538685635946e-10,0.9728866825618923,171.23222489621818,4.892349282749091,True,1.2932184148335296e-10,1.194767913584053,0.345850216347518,128.5631982478311,3.781270536700915,True,112.29379352064895,9020604284.271845
NGC1090,24,9.751165231472731e-11,0.9008825736617536,121.86588469175871,5.298516725728639,True,6.462014645403793e-11,0.5970072546819188,0.7284403779557653,64.75042816628977,2.9432012802858982,True,6.752183746057757e-11,0.623815157121162,58.88252269178105,2.56010968225135,True,8.363359843072428e-11,0.7726671593635295,0.43654936938560424,53.841288640890006,2.4473313018586365,True,162.33333333333331,55514149164.42668
NGC1705,14,4.786806439320304e-10,4.422395070034344,5.112267109073832,0.39325131608260244,True,1.7744572840258499e-10,1.6393708925436983,1.6328210110042378,0.7399304594363278,0.06166087161969399,True,4.5863667355997513e-10,4.237214497389592,3.0420185370560446,0.23400142592738804,True,3.064938744077385e-10,2.831610211021968,0.8120863119336956,0.9812352395214304,0.08176960329345254,True,71.47661362256957,491462745.43278927
NGC2366,26,6.328178458559459e-11,0.5846425079474212,51.3947596199917,2.055790384799668,True,8.150682940923808e-11,0.7530185419503345,0.17743833459996544,34.605865713726885,1.441911071405287,True,5.100113256812526e-11,0.47118503765418895,49.93590910178027,1.9974363640712107,True,7.083181777962548e-11,0.6543951290302552,0.19920290617760034,30.463321847601822,1.2693050769834093,True,50.9390166922102,1014516699.8650875
NGC2403,73,2.0822247948565342e-10,1.9237085903110689,235.4703410874112,3.2704214039918225,True,1.768523024599488e-10,1.6338883981157069,0.5987524630171288,188.75439154134096,2.658512556920295,True,1.5395675021738576e-10,1.4223628671656776,447.02350261221966,6.2086597585030505,True,2.1662892542603301e-10,2.0013733665131412,0.3745185333100557,203.8752289411007,2.8714820977619815,True,133.28260901728726,12642691418.292936
NGC2683,11,1.7869856228758792e-10,1.6509454704315722,56.83473494188,5.683473494188,True,7.39324707041813e-11,0.6830411843518284,0.8208215214778981,17.728825354194004,1.9698694837993338,True,1.1572405499788112e-10,1.069141810504629,15.826515616718446,1.5826515616718446,True,6.023165947331325e-11,0.5564632647911923,0.7133601449498377,10.787921572246864,1.1986579524718737,True,155.82474226804123,44200118081.073494
NGC2841,50,3.660321308993678e-10,3.3816673218008377,1130.2303965917788,23.06592646105671,True,1.472512712598723e-10,1.3604128437840404,1.4609043947042843,81.8343285886966,1.7048818455978456,True,3.1702030447271483e-10,2.9288609208940444,297.0903481505572,6.063068329603208,True,1.888555952359575e-10,1.7447834248307146,0.8974945770306743,195.2549087052407,4.067810598025848,True,277.9628102623055,148921545503.41602
NGC2903,34,1.9875058221330674e-10,1.8362004106257304,352.31001288505604,10.67606099651685,True,2.0947105068294924e-10,1.9352437864329575,0.48147915621208165,347.9661897051101,10.87394342828469,True,1.1864768513561445e-10,1.0961524023712843,336.8309765987453,10.20699929087107,True,2.675194242203631e-10,2.471536290025024,0.3151315412748899,211.03163932189042,6.594738728809076,True,182.7423935091278,46550415624.44194
NGC2915,30,3.991335740753223e-10,3.6874821922536927,42.523561273214845,1.466329699076374,True,3.6548983464365766e-10,3.3766572000878505,0.602317165711489,42.183349078797995,1.5065481813856427,True,3.964571797083547e-10,3.662755741740215,47.50235270446274,1.638012162222853,True,4.3375513453099283e-10,4.007340996274593,0.40559178870037077,46.81143725242313,1.6718370447293975,True,83.93916450748765,1084110747.721912
NGC2955,24,1.482529977776224e-10,1.3696675117339099,105.48109606703983,4.586134611610428,True,1.2639983092151877e-10,1.1677722845210181,0.548399104773054,103.12915686916213,4.687688948598279,True,7.92824002908491e-11,0.7324676705259174,97.94881062744287,4.258643940323603,True,2.099224139924034e-10,1.939413804376712,0.17355583862970736,96.46756544388161,4.3848893383582555,True,253.09127039798327,216166239728.7321
NGC2976,27,1.332773116993433e-10,1.2313113840682015,41.814269047044604,1.6082411171940232,True,1.0824013602392006e-12,0.010000000000000009,0.9309823802346722,20.139853822045232,0.8055941528818092,True,6.926477730989036e-11,0.6399176853822832,36.518285638697755,1.4045494476422213,True,1.0824013653625537e-12,0.01000000004733322,0.9307948372752635,20.156986549969,0.8062794619987601,True,81.92868808082659,1579902884.2263572
NGC2998,13,1.3224538873210575e-10,1.2217777396628628,106.06733791033817,8.838944825861514,True,6.712373494211837e-11,0.620137200560102,0.9213776534638475,28.044024595939455,2.549456781449041,True,9.605724531358407e-11,0.8874457187706823,47.6634192064251,3.9719516005354247,True,3.622719444417185e-11,0.3346928022722182,0.8831606626306311,23.027582325928783,2.0934165750844347,True,211.80769230769224,120926477056.55586
NGC3109,25,1.8148088810447146e-10,1.6766505916471321,62.65047950998497,2.6104366462493735,True,2.3575022937895665e-10,2.1780296850962775,0.1,34.94780902279041,1.5194699575126265,True,1.7753032622903287e-10,1.6401524679329715,63.01543992575492,2.625643330239788,True,2.3266309376315383e-10,2.1495085123667774,0.1,34.88937969890976,1.5169295521265111,True,64.05627502273417,616208354.5373417
NGC3198,43,1.2799975290704654e-10,1.1825535111925571,570.9771945806373,13.594695109062792,True,7.257094983964868e-11,0.6704624782031985,0.8800310339414849,109.08430000475553,2.6605926830428177,True,9.972002250892492e-11,0.9212850812279819,124.54208221615647,2.9652876718132495,True,7.778613218132135e-11,0.7186440726952839,0.6118437813858499,77.30632117558035,1.8855200286726914,True,148.43820224719101,35810121655.54036
NGC3521,41,2.7268009164039435e-10,2.519214236576115,32.09304610880905,0.8023261527202262,True,1.9941715505178987e-10,1.8423586885341747,0.5707282595879254,7.949668731749105,0.2038376597884386,True,1.5945751450434214e-10,1.473182872470741,29.899517209545298,0.7474879302386325,True,1.0446854343391938e-10,0.9651553228908812,0.5725391718016434,12.019465924233824,0.30819143395471343,True,207.75322593803574,44887624478.83988
NGC3726,12,8.519769054254978e-11,0.7871173639667448,24.868356811612077,2.2607597101465524,True,7.535163078037138e-11,0.6961524028731767,0.5427525218760738,24.196125410669406,2.4196125410669405,True,4.4438098321927984e-11,0.4105510206685958,36.05401102942739,3.277637366311581,True,1.0614284121612843e-10,0.9806236865100756,0.3012372941318741,27.472933206961624,2.7472933206961625,True,168.2066012116148,49275205936.8208
NGC3741,21,1.4988767597790095e-10,1.384769841242414,19.77144441397343,0.9885722206986716,True,1.767865592329061e-10,1.63328101503714,0.10725630159226215,4.444823468618431,0.23393807729570687,True,1.4758007588219835e-10,1.363450576684278,21.924595386326878,1.0962297693163439,True,1.7513194048266095e-10,1.6179944604278638,0.10385896662574315,4.439542897067534,0.23366015247723865,True,49.253068174561534,273478084.2752388
NGC3769,12,1.0863574999124355e-10,1.0036549655410276,10.503126380465602,0.9548296709514184,True,1.1571156874753721e-10,1.0690264535695533,0.4670480929540949,10.361180402822317,1.0361180402822316,True,7.055486577693438e-11,0.6518364478158313,11.068532680526182,1.0062302436841983,True,7.801462621202788e-11,0.7207550644133286,0.4664712566627102,10.966307539308998,1.0966307539308997,True,117.40859783245773,17988485543.781654
NGC3877,13,1.3253244020778324e-10,1.2244297270514786,88.9727907770261,7.414399231418842,True,1.017459787602151e-10,0.9400023179731618,0.5721246755226093,88.81918545566751,8.074471405060683,True,6.578308553424266e-11,0.6077513198958404,88.68380213392378,7.390316844493648,True,1.3367882145938068e-10,1.2350208191704326,0.3312813273707429,84.88895221672844,7.71717747424804,True,170.46763752965634,48169801041.64952
NGC3893,10,2.2625587567817574e-10,2.090314036820644,8.786359403733591,0.976262155970399,True,2.124855397506266e-10,1.9630937982530756,0.5239520584206593,8.60578858073457,1.0757235725918213,True,1.291331997384877e-10,1.1930251058623078,3.629077889438058,0.4032308766042287,True,1.960227242536086e-10,1.8109985025359685,0.39402337232939455,2.2400901650374605,0.28001127062968256,True,174.40310111150637,39626629996.222824
NGC3917,17,1.7147074744506957e-10,1.5841697335559177,56.29471037689982,3.518419398556239,True,5.4095299642013576e-11,0.499771172036028,1.167968599251785,39.65896291110466,2.6439308607403107,True,1.3019975782069927e-10,1.2028787342980285,42.48649922322883,2.655406201451802,True,2.559295110947127e-11,0.23644603609714135,1.1955836597097675,39.689647568613225,2.645976504574215,True,137.1532314107019,17224548115.773056
NGC3949,7,1.645024328003386e-10,1.5197914456055863,1.9251647185050869,0.3208607864175145,True,2.0342017185214012e-10,1.8793414284622327,0.4533390043647495,1.66546208454497,0.333092416908994,True,8.208569619730092e-11,0.7583665284674146,1.843010948482739,0.3071684914137898,True,9.386284709941829e-11,0.8671722943758641,0.4701624069425536,1.722110525947971,0.3444221051895942,True,162.9707734247946,22111543593.883404
NGC3953,8,2.1553073184595334e-10,1.9912274666610106,31.317152424171326,4.473878917738761,True,4.44877685454251e-11,0.4110099098138029,0.8172222555955524,3.3542930019348685,0.5590488336558114,True,1.1032735185597319e-10,1.01928319668401,28.750828655970494,4.107261236567213,True,2.2897638101583382e-11,0.21154480161151348,0.8175040676379132,3.3412982998764704,0.5568830499794117,True,222.09672123874174,92514175135.89432
NGC3972,10,2.081911594750835e-10,1.9234192335925684,10.630944680905479,1.1812160756561643,True,2.9149257678251217e-10,2.6930174655184773,0.35362655146184785,10.347195639130565,1.2933994548913206,True,1.5325171747023586e-10,1.4158492690398023,14.112287579363745,1.5680319532626383,True,3.397120552613898e-10,3.13850358785873,0.2744502678293512,10.81035357422795,1.3512941967784937,True,132.04137318400194,10313054438.549154
NGC3992,9,2.2264817558836247e-10,2.0569835161622443,81.60991190151616,10.20123898768952,True,7.001060880260111e-11,0.6468082115780923,1.1124646840210515,5.570421791961151,0.795774541708736,True,1.6467639587283645e-10,1.5213986412253273,19.87695827274796,2.484619784093495,True,3.451234327362571e-11,0.31884977736907905,1.1204757175243671,5.656312577814937,0.8080446539735624,True,241.70161856204643,144826604629.62976
NGC4010,12,1.319388785103694e-10,1.218945978423496,23.10779348945486,2.100708499041351,True,3.6482466505820677e-10,3.3705118864372476,0.13819687695357497,16.495620906415663,1.6495620906415662,True,7.757210324977737e-11,0.7166667199368146,31.522635383906717,2.8656941258097017,True,3.6336147497417897e-10,3.356993887127782,0.1310079252005985,16.38089409794954,1.6380894097949539,True,123.88676236044658,12555884300.999609
NGC4013,36,1.3330164487055782e-10,1.2315361913541898,54.44688646161869,1.5556253274748197,True,1.1548005272169498e-10,1.0668875424932491,0.5731306252042773,47.60074405157949,1.400021883869985,True,8.744152871435973e-11,0.8078475501456877,145.76561492709905,4.164731855059973,True,2.0699922653400554e-10,1.9124073022992212,0.2203004665095379,42.00470730699378,1.2354325678527582,True,177.7505325443787,48909030603.602394
NGC4051,7,9.388728487071533e-11,0.8673980680324275,9.79518299773822,1.6325304996230365,True,3.398275303468046e-11,0.313957042950968,0.6674505285330141,7.611364471240303,1.5222728942480606,True,4.6751957875964325e-11,0.4319281145917317,9.916562298779892,1.652760383129982,True,1.6910231514650064e-11,0.15622884574824514,0.670076127234055,7.6237532754012225,1.5247506550802445,True,157.78431678990398,43077153872.89552
NGC4068,6,3.6229292369646206e-11,0.33471218441225814,6.432081504084942,1.2864163008169884,True,7.817243966548621e-11,0.722213058270833,0.1,1.6020579644262696,0.4005144911065674,True,1.960589773903365e-11,0.1811333435011662,5.792983657254048,1.1585967314508097,True,7.001656056979173e-11,0.646863198271654,0.1,1.4088906928070086,0.35222267320175216,True,33.85166342707549,245914450.16174892
NGC4085,7,1.088373012189382e-10,1.005517040323067,29.906207947753945,4.984367991292324,True,6.806653115884689e-10,6.2884742812781464,0.1,16.591408179592275,3.318281635918455,True,5.419289462608566e-11,0.5006728244882248,29.439479730597128,4.906579955099521,True,6.50880677262934e-10,6.013302469604214,0.10000000000407813,17.16046865950548,3.432093731901096,True,132.35802767268657,14660033975.502672
NGC4088,12,5.831902882971497e-11,0.5387930112802802,16.18317914799135,1.47119810436285,True,8.657179940027788e-11,0.7998123670238774,0.3990454885741994,5.311076489714375,0.5311076489714375,True,2.894941086152205e-11,0.26745541834061004,15.596152605425951,1.417832055038723,True,4.110594373465805e-11,0.37976618696759634,0.4119965388831228,6.787988668873885,0.6787988668873884,True,168.77767977716795,71624622061.7798
NGC4100,24,2.1504021997267444e-10,1.9866957662096132,105.74562168443698,4.597635725410304,True,9.056396293427303e-11,0.8366948366940274,0.8996771344320422,38.864425506228926,1.7665647957376784,True,1.411708132262504e-10,1.3042372119252796,32.08148394609218,1.3948471280909642,True,9.430414499508385e-11,0.8712493208087211,0.6275107371218548,26.216953486021378,1.1916797039100626,True,164.73064759165692,38366901663.96286
NGC4138,7,2.165426178298273e-10,2.0005759950446995,15.353200876536993,2.5588668127561656,True,8.93624621485403e-11,0.8255945107902684,0.8733620948641834,8.230670891497235,1.646134178299447,True,1.3996806817478934e-10,1.2931253906024087,4.743033511175386,0.7905055851958976,True,1.5255351397791586e-10,1.4093987644675825,0.46558240272994117,4.665381153297496,0.9330762306594991,True,146.08255307106435,26557976125.688786
NGC4157,17,1.0828438303268172e-10,1.0004087855982735,7.147294580823625,0.4467059113014766,True,1.0858930882346838e-10,1.0032259087282673,0.4989578822086082,7.146544785135197,0.4764363190090132,True,5.71767638531329e-11,0.5282399482618667,15.80851729297841,0.9880323308111506,True,1.7398218249115504e-10,1.6073721715640377,0.25447007714570746,10.119729862412651,0.6746486574941767,True,185.26476181298187,69309300030.27672
NGC4183,23,1.1344800037123142e-10,1.0481139856121446,51.95537420831172,2.3616079185596237,True,3.473477579376216e-11,0.3209047685055212,1.5742384141645545,6.151478692559066,0.29292755678852694,True,9.279477994457033e-11,0.857304724044911,30.53292516786468,1.3878602349029399,True,1.6480098602040855e-11,0.1522549694357269,1.6189390060176188,6.751940923723949,0.3215209963678071,True,110.20887705713793,12075156163.59099
NGC4214,14,3.709691092285989e-10,3.427278668114557,11.008707025217994,0.8468236173244611,True,2.373038417895261e-10,2.192383070703869,0.8033335417238723,10.61555974126044,0.8846299784383701,True,3.3662189074615575e-10,3.109954431984137,11.118187555302828,0.855245196561756,True,4.0444922033971633e-10,3.73659194451065,0.41519968656514233,10.760985536732106,0.8967487947276754,True,80.38740024027582,809400440.9141262
NGC4217,19,8.761314773402993e-11,0.8094330897243913,577.1210492054129,32.06228051141183,True,1.111962838146135e-10,1.027311013264435,0.1,533.9267773879285,31.40745749340756,True,4.4085947754806974e-11,0.40729760118801434,573.5976125914467,31.86653403285815,True,5.578667506236719e-11,0.5153973111234719,0.1,530.1569393396691,31.18570231409818,True,179.29637630479826,60922677283.243034
NGC4389,6,1.0824021557172451e-12,0.010000007349196654,83.85249914746161,16.770499829492323,True,1.7286580554712775e-10,1.597058280755728,0.1,16.73777879288879,4.1844446982221974,True,1.0824021584450144e-12,0.010000007374397742,83.88023481158594,16.77604696231719,True,4.633695522243854e-11,0.42809402246315126,0.1694703096799442,20.56732308697187,5.141830771742968,True,95.02404740996182,12557468544.784502
NGC4559,32,8.864104637586734e-11,0.818929554525676,16.584967712559354,0.5349989584696566,True,7.781766328832157e-11,0.7189353796739932,0.5766224142660313,14.364372792931611,0.4788124264310537,True,5.632650072163155e-11,0.5203846076947276,23.25044051891159,0.7500142102874706,True,8.787571165303439e-11,0.8118588435034372,0.36871045799928975,20.183598615048886,0.6727866205016295,True,121.41257625700283,21784339359.466312
NGC5005,18,2.558812960973269e-10,2.364014916248625,7.064934680308093,0.41558439295929955,True,4.1263623776859917e-10,3.8122294827623904,0.36670870292636654,5.014081404085759,0.3133800877553599,True,1.2814538960464203e-10,1.183899007446953,6.921420789362778,0.4071423993742811,True,3.106542287869139e-10,2.8700465483364,0.2678037545184775,4.276833090741349,0.26730206817133434,True,264.59601038980327,106827779326.2736
NGC5033,22,1.9232722978797253e-10,1.7768568744727942,429.0944237401733,20.433067797151107,True,1.1370583577138267e-10,1.050496053943011,0.9249127920244291,303.7796386726688,15.188981933633439,True,1.4428512117188624e-10,1.333009422124162,142.5523145761242,6.7882054560059135,True,9.137797712156803e-11,0.8442152835189937,0.7253573869093429,86.44034230864415,4.322017115432208,True,193.94311833417976,82140909534.67827
NGC5055,28,8.67479386798173e-11,0.8014396680049154,145.43483050358344,5.386475203836424,True,9.044062165818357e-11,0.8355553215324593,0.48719207708046414,137.70850583722842,5.2964809937395545,True,5.5359510609368885e-11,0.5114508595696424,105.54501609443214,3.9090746701641534,True,7.174916017721352e-11,0.6628701959627775,0.43948358440611185,12.330108261135262,0.474234933120587,True,178.1822061737461,97659655805.48874
NGC5371,19,6.87459400232249e-11,0.6351242944487131,519.5058048421571,28.86143360234206,True,3.1849441238305105e-11,0.29424797869125646,0.6666605239511196,142.34922256330628,8.373483680194488,True,3.533756063766801e-11,0.3264737271750912,527.2123917314451,29.289577318413617,True,1.591306897964388e-11,0.14701634314398176,0.6681141675105687,138.63932520284177,8.155254423696576,True,208.08510638297872,207044940777.68423
NGC5585,24,1.1440403273389978e-10,1.056946498188229,138.5965148543495,6.025935428449978,True,1.8394502792495967e-10,1.6994160824438516,0.23670379920581253,75.8863627893507,3.449380126788668,True,9.351429018166913e-11,0.8639520756053322,269.45883923598615,11.71560170591244,True,1.8518485547230161e-10,1.7108704984570386,0.21044539049237218,78.77127919722714,3.5805126907830522,True,90.92971647284567,3833627489.6915107
NGC5907,19,1.3861666202426085e-10,1.2806401314354223,657.8709568016548,36.54838648898082,True,5.969679218762762e-11,0.5515217772309084,0.9675880343510593,83.89980866486411,4.935282862639065,True,9.95135333843277e-11,0.9193773866131896,217.35340608241512,12.07518922680084,True,2.9274076185997416e-11,0.27045490943884387,0.9794236620632853,92.2343723825129,5.425551316618406,True,216.17907444668006,133523013597.01375
NGC5985,33,4.876779811436522e-10,4.505518923552353,1186.9815829713561,37.09317446785488,True,4.671877129348348e-11,0.43162151314332337,1.869507380962457,597.2280535771625,19.265421083134274,True,4.061711923163955e-10,3.7525007565274664,847.3462450129414,26.479570156654418,True,2.4083632511536018e-11,0.22250186849556233,1.8690325649565183,595.5423142225175,19.211042394274756,True,291.992127704694,132890142361.548
NGC6015,44,2.3083292288488082e-10,2.132600081303197,1179.833370574443,27.43798536219635,True,8.194365938900036e-11,0.7570542905719525,1.03038167741261,305.8435285763939,7.2819887756284265,True,1.6501262908195625e-10,1.5245050047377078,490.58486494239196,11.408950347497488,True,4.0975796476203194e-11,0.37856379326008943,1.0508270071567785,395.4978810665527,9.416616215870302,True,154.82982064779412,28455115300.950993
NGC6195,23,9.412288493852678e-11,0.8695747104172761,44.64129239498915,2.029149654317689,True,8.614360477954108e-11,0.7958563980417045,0.5374590651474982,43.775743985700274,2.084559237414299,True,4.758003377281873e-11,0.4395784735738324,44.937275150801355,2.042603415945516,True,4.21078721330998e-11,0.3890227200360723,0.5478913335046446,43.69482762365508,2.0807060773169086,True,249.26355290899576,254998862607.37106
NGC6503,31,1.505491687973729e-10,1.3908811862921446,101.74622143254817,3.391540714418272,True,1.2785374272085573e-10,1.1812045643826736,0.597627322412604,80.62920126944707,2.7803172851533473,True,1.2569193704221075e-10,1.1612322532044317,108.13957118070799,3.6046523726902664,True,1.509330401829625e-10,1.39442766544203,0.42157609404399066,89.41113797131463,3.0831426886660216,True,114.95640379771362,9972657831.961649
NGC6674,15,1.796461519898731e-10,1.6596999836564612,396.5949351157964,28.32820965112831,True,6.89879665772996e-11,0.6373603093223568,1.2798731901831404,65.85409326343041,5.06569948180234,True,1.5791384826751067e-10,1.4589213767489477,147.81961832473988,10.55854416605285,True,2.956446976264382e-11,0.2731377735529672,1.439305617295352,162.50469242724216,12.500360955941705,True,243.6597510373444,153354852892.69427
NGC6946,58,1.373151885449427e-10,1.2686161860938299,140.29564616217945,2.461327125652271,True,1.1321550454560213e-10,1.0459660224427532,0.5638601929945145,118.67454655173864,2.1191883312810473,True,6.970262207909296e-11,0.6439628093564977,123.53704711303463,2.1673166160181516,True,5.7564374441572215e-11,0.5318209728492126,0.5590242677785061,112.28310361435724,2.005055421684951,True,159.30878334121152,42370170532.02993
NGC7331,36,1.2863925438729098e-10,1.1884616844796188,146.69298206906038,4.1912280591160105,True,1.6357267344182927e-10,1.5112016618833644,0.4081728975111436,38.250763482180744,1.1250224553582573,True,6.606219456880751e-11,0.6103299293176094,212.06109482044045,6.0588884234411555,True,2.2438917391906972e-10,2.0730681072821455,0.23833742348020576,47.342849874653865,1.3924367610192314,True,238.53191888752548,157161925726.09686
NGC7793,46,1.6619315287478249e-10,1.5354115301375406,45.9965195791563,1.0221448795368067,True,9.37435538828403e-11,0.8660701780910912,0.7362621967220045,37.04001993191937,0.8418186348163492,True,9.371223521950048e-11,0.8657808338192686,29.464951509848433,0.654776700218854,True,8.057614407747237e-11,0.7444202034231172,0.5528127349063922,28.95487732629368,0.6580653937794018,True,104.49126149338726,5342976304.225349
NGC7814,18,3.0892403520142467e-10,2.8540617792013454,19.13496451295936,1.1255861478211389,True,2.30124638408535e-10,2.126056441371062,0.9746393277739014,14.713687141116399,0.9196054463197749,True,2.0846564532833693e-10,1.925955130749911,35.37720633017486,2.0810121370691093,True,2.7083850715555185e-10,2.5022003584298833,0.26648932456633334,32.36714885179254,2.022946803237034,True,214.0,51312151924.62413
PGC51017,6,1.819331283783998e-12,0.01680828711617606,8.419375977711026,1.683875195542205,True,1.0824013602392006e-12,0.010000000000000009,0.6309353786334061,7.007136452227719,1.7517841130569298,True,1.0824020361039484e-12,0.01000000624412324,8.47937765161335,1.6958755303226698,True,1.0824013602392006e-12,0.010000000000000009,0.5867644583113192,7.816761550656362,1.9541903876640905,True,18.442266612782173,212870940.12189332
UGC00128,22,1.226752210471264e-10,1.1333616674319074,633.4940539103741,30.166383519541622,True,4.181810328975955e-11,0.3863456276562529,2.5,43.20353129443941,2.1601765647219704,True,1.178811876644541e-10,1.0890709490461428,592.6265779284832,28.220313234689677,True,4.99592966198647e-11,0.4615598100211571,1.6084548708945634,40.195731057672866,2.0097865528836434,True,131.2889227264093,22545006323.005867
UGC00191,9,1.3049792212867737e-10,1.205633390000902,62.194362384601206,7.774295298075151,True,5.629412762780202e-11,0.520085521837866,1.474738061159175,14.454931783808519,2.0649902548297883,True,1.145968540632352e-10,1.0587279199086599,50.34551991016319,6.293189988770399,True,5.660190703698249e-11,0.5229290087410279,0.979516330542883,14.255797520618884,2.036542502945555,True,80.5,3083023858.4267063
UGC00731,12,1.2912140275493674e-10,1.1929161168681663,182.87313163941988,16.62483014903817,True,8.316965956917933e-11,0.7683809594511197,2.5,58.83754537399413,5.883754537399414,True,1.2434830437166002e-10,1.1488188110201591,188.2465833170799,17.113325756098174,True,7.404394222326318e-11,0.6840710381858743,2.5,59.25880592597542,5.925880592597542,True,73.90926133963822,3214855229.738384
UGC01230,11,9.752302577635747e-11,0.9009876498566657,37.148365384549685,3.7148365384549686,True,2.7696548434882827e-11,0.25588057676463166,2.5,9.246510019537457,1.0273900021708284,True,8.625546995807866e-11,0.7968898887841113,33.45644815504895,3.3456448155048952,True,1.73851855833493e-11,0.16061681204380002,2.5,7.960247049104132,0.8844718943449036,True,103.63227111785534,18460307699.438633
UGC01281,23,1.2643616240713114e-10,1.1681079408398936,7.018197436781937,0.3190089743991789,True,1.642574992952044e-10,1.5175285742333617,0.28504553664758986,3.3856156533536548,0.1612197930168407,True,1.2001544872764284e-10,1.1087887833134342,6.61824948217489,0.30082952191704043,True,1.580962660727141e-10,1.4606066832526563,0.29021534365864193,3.2751953319781744,0.15596168247515116,True,55.18333333333333,482548560.8251756
UGC02259,8,2.684620352185098e-10,2.4802448064106497,75.7743195339461,10.824902790563728,True,6.27713173436959e-11,0.5799264454899066,2.5,16.80588788202678,2.80098131367113,True,2.56257338887073e-10,2.3674890692159027,71.866218070264,10.266602581466286,True,7.77101550775861e-11,0.7179421417247014,1.5073652584807102,17.087368515569757,2.8478947525949594,True,87.59816741433616,2259604009.0654564
UGC02455,8,1.0824021363884207e-12,0.010000007170623113,188.19383669416803,26.884833813452577,True,3.5365394650808904e-11,0.3267308777493915,0.1,17.25147036228465,2.875245060380775,True,1.0824018254808756e-12,0.010000004298236246,188.4328579539145,26.91897970770207,True,1.734756696927876e-11,0.1602692643091757,0.1,17.77608224623799,2.9626803743729986,True,52.63333333333333,2582930881.1093273
UGC02487,17,3.3490066001669116e-10,3.0940524681406676,648.0307714900011,40.50192321812507,True,9.04813133826121e-11,0.8359312608644234,1.765236338989491,74.9580222236533,4.997201481576886,True,2.9700226235936514e-10,2.7439198920974257,297.3562002246824,18.58476251404265,True,1.3806441032114412e-10,1.2755380341598361,0.9454735343164217,54.04847142302285,3.6032314282015236,True,329.66589274385007,316989210973.5979
UGC02885,19,1.8312172490054535e-10,1.6918098186801735,75.53784531774365,4.196546962096869,True,9.995071573964671e-11,0.9234163907329036,0.9291274272637406,46.80261982656268,2.753095283915452,True,1.4334321301230558e-10,1.3243073990652432,55.04141449160183,3.057856360644546,True,1.7632826097611125e-10,1.629046927076519,0.41330169022986063,52.63704517032492,3.096296774724995,True,298.0,343719499737.8734
UGC02916,43,1.4589435074680925e-10,1.3478766389813857,1027.5507935824864,24.465495085297295,True,1.917652693241927e-10,1.7716650807036542,0.1,980.2493287845334,23.908520214256914,True,7.496664306221746e-11,0.6925956102424945,965.36790835488,22.984950198925713,True,9.40047760448394e-11,0.8684835357566929,0.15620727296003953,909.9455107445993,22.19379294499023,True,209.60992435311547,110370258279.7259
UGC02953,115,3.178361047711611e-10,2.936397869094719,4336.342977982247,38.03809629808989,True,1.6131152860852665e-10,1.4903115843542403,0.8194327001736351,551.9435677005049,4.8844563513319015,True,2.3271693109285905e-10,2.1500059002275367,885.1159946852484,7.764175391975863,True,1.0433102628966151e-10,0.9638848408930808,0.7762443215741776,690.5965064464347,6.111473508375528,True,268.7721107443334,151998565414.10092
UGC03205,48,2.1141576119860612e-10,1.9532104168077302,765.8637890085981,16.294974234225492,True,9.056632439348262e-11,0.8367166535477042,1.0523189658922656,248.89343182119626,5.410726778721658,True,1.5991127652724963e-10,1.4773750514495925,363.6324000243591,7.736859574986363,True,4.375704245638889e-11,0.4042589381698396,1.079876087504113,281.73616009044014,6.124699132400872,True,214.9145967154347,83325022657.80421
UGC03546,30,1.6098562360075994e-10,1.4873006401727338,75.50089131246334,2.6034790107745978,True,1.7420443621481933e-10,1.6094255108504476,0.455150787309216,74.56272349862012,2.6629544106650043,True,8.977436905429254e-11,0.8294000021808299,52.758289155631886,1.819251350194203,True,1.4592166923713753e-10,1.3481290267862407,0.3432413433662523,41.62119532885539,1.4864712617448355,True,196.52483413660858,67390471817.593605
UGC03580,47,9.439683227824494e-11,0.87210563240039,1270.724364262435,27.624442701357285,True,1.5676690395946178e-10,1.4483250827107044,0.1,703.0548843996463,15.623441875547696,True,6.012586968941243e-11,0.5554859029013529,1938.8872093413104,42.1497219422024,True,1.1897299911107175e-10,1.0991578861724631,0.1,1419.6073371296493,31.546829713992206,True,120.30814462133965,13554116845.912392
UGC04278,25,2.0175851967094402e-10,1.8639898939738717,52.627051078398246,2.19279379493326,True,1.8056981589126375e-10,1.66823345317452,0.5657907836384143,52.20265629766811,2.2696807085942656,True,1.9353865841103142e-10,1.788048920857429,55.541675373141594,2.3142364738808996,True,1.826058122189724e-10,1.6870434473458014,0.5307651790011171,55.4135979084247,2.4092868655836823,True,85.57834124288458,1868896113.5613837
UGC04305,22,6.344614534569444e-12,0.05861609905190205,51.4244897974784,2.4487852284513525,True,1.0824013602392006e-12,0.010000000000000009,0.7632343975318463,34.32548263879968,1.716274131939984,True,3.1991376603783147e-12,0.029555927938517537,51.54811227804955,2.454672013240455,True,1.0824013602392006e-12,0.010000000000000009,0.7498470929441811,35.50430325933962,1.775215162966981,True,34.46445795600406,1299136122.724822
UGC04325,8,3.399877377807336e-10,3.1410505406755935,76.2942733530362,10.899181907576601,True,6.23241427098382e-11,0.5757951255351823,2.5,30.822928752583415,5.137154792097236,True,3.1830245116640835e-10,2.940706311530011,74.75373735216262,10.67910533602323,True,3.1055247547466144e-11,0.2869106478266366,2.499999999942772,31.39922810959782,5.2332046849329705,True,91.93333333333334,2202929512.870402
UGC04483,8,5.506946322466121e-11,0.5087711938249174,1.9402291542561467,0.2771755934651638,True,6.109441442453929e-11,0.5644340137473409,0.33895512540010597,1.8156977671519658,0.3026162945253276,True,4.38450395290915e-11,0.405071918233752,1.8596168554420338,0.2656595507774334,True,5.2294944976580455e-11,0.48313820452908346,0.32040607494603607,1.5624455827644508,0.26040759712740846,True,23.765118530310204,42269187.84661753
UGC04499,9,9.122780376706724e-11,0.8428278743746851,10.406218794165358,1.3007773492706698,True,7.405779428819282e-11,0.6841990134955743,0.7137358089140167,9.203830570812519,1.3148329386875026,True,7.709030463061118e-11,0.71221551877554,9.336855785352975,1.167106973169122,True,7.243359793331546e-11,0.6691935227918447,0.5408487207257545,9.213163924091798,1.316166274870257,True,73.464584641923,2602695513.649083
UGC05005,11,6.67728513653339e-11,0.6168954864448598,2.2160708648050553,0.22160708648050553,True,8.242204881813431e-11,0.7614739951908401,0.3052455382128103,1.5193578376203747,0.16881753751337497,True,6.10121758367027e-11,0.563674234696265,2.795935493498662,0.2795935493498662,True,8.000878868120218e-11,0.7391785673987056,0.2853718523960176,1.4752301210755543,0.16391445789728382,True,99.50000000000001,9579441864.585066
UGC05253,73,2.2938476452344826e-10,2.1192209558269273,567.1428530139268,7.876984069637873,True,1.4120871639231654e-10,1.3045873885553032,0.8488852591284596,348.58151818465615,4.909598847671213,True,1.3367060787403702e-10,1.2349449361787312,168.40183112888224,2.3389143212344754,True,8.94735131251468e-11,0.8266204793513384,0.7479761075646375,79.99573590164735,1.126700505657005,True,241.1913567263356,110689645389.86935
UGC05414,6,8.123941716147495e-11,0.7505479958332819,4.676620142927796,0.9353240285855591,True,1.5344033681349987e-10,1.4175918697994903,0.135423240549311,0.26596763899077086,0.06649190974769272,True,6.172588895150547e-11,0.5702680282835627,5.7493522539300805,1.149870450786016,True,1.433320765025718e-10,1.3242045120018777,0.13919059176694173,0.28408746808874835,0.07102186702218709,True,56.69307961543574,836215308.1847098
UGC05716,12,1.19776316196738e-10,1.1065795055012557,74.10166859604854,6.736515326913504,True,7.420353583526584e-11,0.6855454784246355,1.6183600847632027,10.69782698581409,1.0697826985814092,True,1.1436311161779941e-10,1.0565684395714943,69.25408643246942,6.2958260393154015,True,7.721107389864571e-11,0.7133312718822051,1.2280944848534552,13.167280592597999,1.3167280592597999,True,73.36242756866255,2532764411.99624
UGC05721,23,4.1789962867622785e-10,3.860856462559104,51.16595270667046,2.3257251230304754,True,2.531090857503427e-10,2.3384032489982105,1.1258133700184043,32.36311797898463,1.5411008561421253,True,3.9477780084192746e-10,3.64724043542116,47.37538561689748,2.1534266189498856,True,3.1418054844731433e-10,2.9026252182266625,0.714769737405597,40.3079519113593,1.9194262814932999,True,78.60000000000001,1070322651.8382167
UGC05750,11,6.180566703346385e-11,0.5710050754168069,6.431459250685368,0.6431459250685367,True,2.0163226754948474e-11,0.18628234863352913,1.6987709865121776,5.082634006364076,0.5647371118182307,True,5.5725071333195365e-11,0.5148281716948387,6.056844046637905,0.6056844046637905,True,1.948182083106059e-11,0.17998703204470576,1.1059170324436451,4.535597495542107,0.5039552772824564,True,76.84833285564154,3498874643.1435857
UGC05764,10,2.7297998682496713e-10,2.521984883358252,77.25335633447963,8.583706259386625,True,1.527609860009445e-10,1.4113155398029607,2.5,36.700613848095415,4.587576731011927,True,2.6565315845462046e-10,2.454294388505885,77.23018526630177,8.581131696255753,True,1.37430476028723e-10,1.2696812945463434,2.5,33.64224824303645,4.205281030379556,True,52.151150464908575,358900221.2272604
UGC05829,11,7.982593008617922e-11,0.7374891885625356,5.04236962296187,0.5042369622961871,True,4.962930021717286e-11,0.45851106659922614,1.3734726369826245,0.4993395637214197,0.05548217374682441,True,7.178734170697819e-11,0.6632229443162739,6.189912604202593,0.6189912604202593,True,2.797764292185239e-11,0.25847752921956435,1.5620752815408034,0.5731943264828727,0.06368825849809696,True,64.96666666666665,1936370766.51596
UGC05918,8,1.0195698892240781e-10,0.9419517811754815,5.4453466515823825,0.7779066645117689,True,2.9711839964747206e-11,0.2744992851651738,2.5,1.4111308013976542,0.23518846689960904,True,9.807241058232644e-11,0.9060632606804323,5.5307793943698815,0.7901113420528402,True,1.557214873170938e-11,0.14386667740576467,2.5,1.2674809633188093,0.21124682721980156,True,42.766666666666666,307027954.3712968
UGC05986,15,3.149434901647313e-10,2.909673820948747,43.7690527715051,3.1263609122503646,True,4.765111897884395e-10,4.402352096851906,0.29985315672855534,38.55169748895792,2.9655151914583016,True,2.88988318080988e-10,2.6698813277278637,48.68317332707694,3.477369523362639,True,4.780874689848082e-10,4.416914894481986,0.2859706990770267,37.49956286045769,2.8845817584967453,True,111.90652298535855,3873064499.159178
UGC06399,9,1.811264884070214e-10,1.6733763930876278,3.0749931318951464,0.3843741414868933,True,1.3147497752358525e-10,1.2146601284252878,0.747442322611189,2.8074087990011147,0.40105839985730213,True,1.6856234148181064e-10,1.5572997935309327,2.8305078004041206,0.3538134750505151,True,1.3259604097993513e-10,1.2250173165953224,0.6450235075245022,2.633715829072737,0.37624511843896247,True,85.76666666666665,2450591554.5642567
UGC06446,17,2.1483834556174502e-10,1.9848307056290833,48.53234608176815,3.033271630110509,True,7.247150468647416e-11,0.6695437325620018,2.5,3.289408435589666,0.21929389570597774,True,2.052758332247735e-10,1.896485358992986,47.055715183503494,2.9409821989689684,True,7.673450250259549e-11,0.7089283635567304,1.6983334737839433,4.158958083147729,0.2772638722098486,True,83.53072586508003,2691362043.636037
UGC06614,13,9.186425524358158e-11,0.8487078695400061,13.232265865132554,1.1026888220943796,True,9.956457271822404e-11,0.9198489245821097,0.3994140040505906,13.035723794622088,1.185065799511099,True,4.8109212716669134e-11,0.4444674081529008,33.998072511004025,2.8331727092503356,True,3.2609452618442184e-11,0.30126950885608483,0.9365237050528412,26.205491196740127,2.3823173815218297,True,202.00789996586164,104080921060.0186
UGC06628,7,7.297098627840582e-12,0.06741583017068638,3.53698084366407,0.589496807277345,True,1.0824013602392006e-12,0.010000000000000009,0.6890718196056204,2.3696653411561055,0.4739330682312211,True,3.6716293468578274e-12,0.03392114498125201,3.548566522276123,0.5914277537126872,True,1.0824013602392006e-12,0.010000000000000009,0.6805033776348314,2.445269204972394,0.4890538409944788,True,42.3,2727983876.074039
UGC06667,9,3.7059489803511235e-10,3.423821436747037,47.59966010925814,5.949957513657267,True,1.5551719917586316e-10,1.4367794137056096,2.5,21.55483471979224,3.079262102827463,True,3.6565530883974483e-10,3.3781859693795906,48.05759686109722,6.007199607637152,True,1.426128114947838e-10,1.3175594260456938,2.5,22.063129599882636,3.151875657126091,True,84.8362391033624,1445896020.173175
UGC06786,45,4.2073504984870925e-10,3.8870521167465193,133.0737775724642,3.0244040357378226,True,2.5222608918177633e-10,2.3302454934649837,0.9056399299272165,92.2575239923533,2.1455238137756583,True,3.1085818762954837e-10,2.871930866391852,283.88269068405896,6.451879333728613,True,5.509307517579035e-10,5.089893379625404,0.23968664118424363,111.8273671369426,2.600636445045177,True,226.4006612018134,50450290303.61476
UGC06787,71,3.770938984046361e-10,3.4838638628586183,710.7606293031846,10.15372327575978,True,5.464207181989749e-10,5.048226455279227,0.13119222718311713,683.3473372325767,9.903584597573575,True,2.6110969222522923e-10,2.412318589174044,1537.8483865439778,21.96926266491397,True,2.2099757774384018e-10,2.041734109563591,0.6493417979273698,1499.2642665998683,21.72846763188215,True,238.24103060133052,69419868549.73396
UGC06818,8,7.049846892733013e-11,0.6513154132747089,29.30459346225871,4.186370494608387,True,2.154847023088941e-10,1.9908022127880012,0.1,11.952560116337796,1.992093352722966,True,6.048960194059611e-11,0.5588463222850028,35.57421822480878,5.082031174972683,True,2.1181895332402165e-10,1.9569353948078172,0.1,11.97632425762259,1.9960540429370983,True,71.23024691358025,1513646913.8871696
UGC06917,11,1.805814810227061e-10,1.6683412240243252,10.813888771816735,1.0813888771816735,True,1.2750098094234788e-10,1.177945498092976,0.732077224195333,9.272735708462088,1.0303039676068986,True,1.5844601218736492e-10,1.4638378886769874,11.555056527640005,1.1555056527640004,True,1.6037803017812666e-10,1.4816872564044519,0.49461768701815184,11.551641513137163,1.283515723681907,True,107.84182141056277,6504645575.35036
UGC06923,6,1.1926442019705402e-10,1.1018502431547,4.14007199294976,0.828014398589952,True,2.1110900181393274e-10,1.9503763536224659,0.21348089671981188,3.2378944425551555,0.8094736106387889,True,7.743820729889237e-11,0.7154296931202979,6.09676210471501,1.219352420943002,True,2.1657167180116917e-10,2.000844416467742,0.1770450415445955,3.309600304449242,0.8274000761123105,True,79.37176730543176,2332307155.661571
UGC06930,10,1.1567814678064391e-10,1.0687176774711389,14.109387319476285,1.5677097021640316,True,4.008476502786447e-11,0.3703318057453858,1.4767639475494259,3.850158619012785,0.4812698273765981,True,9.669311033105524e-11,0.8933202958067887,10.648644954934538,1.1831827727705042,True,2.033931073508477e-11,0.18790913871902368,1.4616812082538593,3.947365557553964,0.4934206946942455,True,108.00000000000001,11401783033.113586
UGC06973,9,1.0550445871420059e-10,0.9747258511471676,582.041992475642,72.75524905945525,True,5.504218513793875e-10,5.085191792975481,0.1,5.968245969335519,0.8526065670479313,True,5.4162942043632804e-11,0.5003961010513083,579.3810753596924,72.42263441996155,True,3.677955472464326e-10,3.397959026632723,0.1,43.1667781510141,6.166682593002014,True,178.46138596871677,31689257501.89627
UGC06983,17,2.044970959939549e-10,1.8892908259904915,36.645650537887136,2.290353158617946,True,8.89098788382041e-11,0.8214132216034533,1.3593840925991314,13.12763765371485,0.87517584358099,True,1.88376472824254e-10,1.740356948393198,32.64900558334523,2.040562848959077,True,5.429879077188605e-11,0.5016511690255689,1.31456015622025,11.898972977506942,0.7932648651671295,True,108.28062904283028,8484523448.341961
UGC07089,12,5.851958433863967e-11,0.5406458868982522,4.335631144715115,0.39414828588319223,True,1.3325723860530403e-10,1.2311259344302334,0.15056994124971584,1.5584686631553366,0.15584686631553366,True,4.023104723888187e-11,0.3716832657156973,7.386457022943568,0.6714960929948698,True,1.290361654767785e-10,1.1921286337654162,0.14656205782548598,1.5802847698813625,0.15802847698813624,True,76.54279157104109,3578595501.401294
UGC07125,13,2.665451597085375e-11,0.2462535335780008,39.4805707373291,3.290047561444092,True,1.5365755001092734e-11,0.1419598641089758,1.0920803491255815,14.053370144105557,1.277579104009596,True,1.7445289712414188e-11,0.16117209709122093,32.826707430002685,2.7355589525002237,True,8.069760379672174e-12,0.07455423354132555,1.0484202359761423,12.99565384611289,1.1814230769193537,True,65.26134621790989,7255603279.878987
UGC07151,11,1.3616050434960867e-10,1.257948385426258,34.385117398709234,3.4385117398709233,True,4.62506733903486e-11,0.4272968890220877,1.2453899311694416,16.253079868239233,1.8058977631376925,True,1.0534824839759416e-10,0.9732826682175757,25.298879489182017,2.529887948918202,True,2.2683367735905088e-11,0.20956521831136923,1.25429557827449,16.254841568135014,1.806093507570557,True,74.25961258516067,2133511580.7623255
UGC07261,7,1.4468154180223705e-10,1.3366718401967261,5.2050236549371025,0.8675039424895171,True,7.017083615249778e-11,0.6482885067419977,1.0811252494145362,2.679059026177803,0.5358118052355606,True,1.2544895266356675e-10,1.1589873892605218,4.147850379881824,0.6913083966469706,True,7.869710736085021e-11,0.727060314701184,0.7176773732576142,2.8646066113022104,0.5729213222604421,True,74.73333333333332,1765535707.138973
UGC07323,10,9.35796792732329e-11,0.8645561869263795,5.587757312876757,0.620861923652973,True,2.0314973798376258e-10,1.8768429664470172,0.19434018235744968,2.1079383617775234,0.2634922952221904,True,6.033138557195938e-11,0.5573846060081332,5.823175877680888,0.6470195419645431,True,1.848333414346267e-10,1.7076229596919614,0.20300586421773534,2.1135236070496433,0.2641904508812054,True,82.63333333333334,3218576744.935603
UGC07399,10,7.069608605198312e-10,6.531411419915438,14.424900396223727,1.602766710691525,True,4.84113638796347e-10,4.472588972812847,0.8571175831408655,11.69957062091883,1.4624463276148538,True,6.90333014376081e-10,6.377791452733618,13.970124938719035,1.5522361043021151,True,5.475400347298246e-10,5.058567504098701,0.6897435454134624,12.375308045701178,1.5469135057126473,True,102.49230515842736,1472046902.8199797
UGC07524,31,1.0267669890741673e-10,0.9486009781503436,68.33367585486162,2.2777891951620544,True,3.874951354844634e-11,0.35799579501528983,1.731803346195538,36.147792480756,1.2464756027846897,True,9.393042383238479e-11,0.8677966166970368,69.80163154377024,2.326721051459008,True,2.167806369976601e-11,0.20027749868103806,1.6071915177743095,35.1349352641549,1.2115494918674103,True,79.6527160284799,3902128296.5870857
UGC07559,7,3.4221308519590676e-11,0.3161609895984251,2.3112201417625005,0.38520335696041674,True,5.344594332282398e-11,0.4937719526794846,0.17580769504740243,1.6297126914273186,0.3259425382854637,True,2.3878947249293084e-11,0.22061083925482208,2.5920951026306938,0.432015850438449,True,4.6560778623017964e-11,0.4301618635505826,0.1902124258903773,1.6758163482310762,0.33516326964621523,True,30.966666666666676,168665391.13173842
UGC07577,9,5.0036931516734e-12,0.04622770568735829,1.3784541330511972,0.17230676663139965,True,1.0432710356442065e-11,0.09638485999441596,0.17717405618599041,0.7991482915026533,0.1141640416432362,True,2.47636160878037e-12,0.022878404441704685,1.420413621946544,0.177551702743318,True,6.341476419267144e-12,0.05858710689226908,0.18148124138732558,0.885923037149728,0.12656043387853258,True,15.933333333333337,55768678.68092319
UGC07603,12,2.408322930731575e-10,2.224981434058213,14.930176132292171,1.3572887392992883,True,3.762975307713565e-10,3.4765064475547094,0.21269084413896233,8.70765471043346,0.8707654710433459,True,2.2860859922670632e-10,2.1120501841958714,17.850028834361673,1.6227298940328794,True,3.7439526181307764e-10,3.4589319227235644,0.20517093387794536,8.65279987816262,0.865279987816262,True,62.83333333333333,462823412.90048665
UGC07608,8,2.482424485991376e-10,2.29344176493162,2.5215386697410715,0.36021980996301023,True,2.669982080873271e-10,2.4667209216027155,0.39669437287379056,2.4932182950881705,0.4155363825146951,True,2.4230385781575805e-10,2.238576804469383,2.5258901035451577,0.36084144336359397,True,2.5983628955140607e-10,2.4005539820643325,0.40501436870437857,2.5016810891629135,0.41694684819381894,True,65.56666666666666,569802903.654731
UGC07690,7,1.1801811577214263e-10,1.0903359891016935,10.994158291214088,1.832359715202348,True,4.81573849144572e-11,0.44491245746231245,1.1212645427165133,2.728323790547893,0.5456647581095786,True,8.580356785505722e-11,0.7927148930789916,4.194709726179238,0.6991182876965397,True,5.540566289985987e-11,0.5118772475268858,0.7027625391979544,2.4971520533226905,0.4994304106645381,True,56.9,887817538.7594098
UGC07866,7,4.6759893425164054e-11,0.4320014288861444,0.3179438488148175,0.052990641469136256,True,3.362940954862365e-11,0.3106926024297669,0.7925448510130634,0.1862063976873683,0.03724127953747366,True,3.7596433116748886e-11,0.34734281106631704,0.321214665091262,0.05353577751521033,True,2.6385466800080265e-11,0.24376786439227446,0.6622729374341074,0.23004409705266127,0.04600881941053225,True,30.633333333333333,148465071.6693527
UGC08286,17,2.5734374037904246e-10,2.3775260253014845,125.90163901123967,7.868852438202479,True,7.985025264729051e-11,0.7377138978247811,2.128733568787331,28.210175076362034,1.8806783384241357,True,2.4642836803211936e-10,2.2766819877024287,116.264398458634,7.266524903664625,True,1.0910835592297549e-10,1.0080212380633342,1.2489190554306926,26.76245737022311,1.7841638246815408,True,83.5401582552555,1738331300.4537592
UGC08490,30,2.3210820442169346e-10,2.144382046696615,61.58576909420064,2.1236472101448496,True,1.1372449978504163e-10,1.050668485485917,1.488925560707417,8.27215953750236,0.29543426919651283,True,2.174287142771333e-10,2.0087623894807725,42.72329605681697,1.4732171054074816,True,1.4193323911490424e-10,1.3112810490513283,0.9236023935587513,10.46790816635974,0.3738538630842764,True,78.0875,1637094379.722324
UGC08550,11,1.6289069417633037e-10,1.5049010483535719,25.64076308105394,2.564076308105394,True,9.870732911297737e-11,0.9119290933925291,1.1554347935996738,8.337295482483595,0.9263661647203995,True,1.5474911867112418e-10,1.429683335181011,23.26743551375087,2.326743551375087,True,1.1119933171794513e-10,1.0273391719811884,0.8360190737466724,11.453118021928908,1.272568669103212,True,57.5139990880073,627004642.9053
UGC08699,41,2.689506849443556e-10,2.4847593030086386,212.3442246986706,5.308605617466765,True,1.3160532776614388e-10,1.2158643974455137,0.9805110045901451,33.54329815436345,0.8600845680606012,True,1.751985065305063e-10,1.6186094453150837,102.40895597850809,2.5602238994627022,True,3.11107687272372e-10,2.8742359230186145,0.2513995354925932,47.00746022255169,1.2053194928859408,True,180.66638054628567,35802000588.38494
UGC08837,8,2.731435085554559e-11,0.2523495614372602,20.626093821718495,2.9465848316740706,True,5.957235918157282e-11,0.5503721758849964,0.14082113443756109,5.321523427352233,0.8869205712253722,True,1.5973763490484698e-11,0.14757708256163554,16.716548018761276,2.388078288394468,True,5.201061883978866e-11,0.48051139577554525,0.14820415825273706,5.308260465372995,0.8847100775621658,True,46.06711218547028,655352189.4047714
UGC09037,22,6.159562882132894e-11,0.5690645917861461,115.63183418627324,5.506277818393964,True,1.4638595826035358e-10,1.3524184617432833,0.19416268803312015,31.746818071028184,1.5873409035514092,True,3.052294886135148e-11,0.28199289083123674,115.60797910589487,5.50514186218547,True,1.536215723347661e-10,1.4192662535163232,0.14287767327430015,36.3782949135724,1.8189147456786199,True,153.72686142642988,56325971412.50324
UGC09133,68,1.1695968608095965e-10,1.0805574565714953,1944.3174794164763,29.019663871887705,True,7.679287194084348e-11,0.7094676222863675,0.8564181451215187,841.2519569471228,12.746241771926103,True,9.769705434110874e-11,0.9025954505408113,589.8894611102539,8.804320315078417,True,7.165902348631747e-11,0.6620374485715868,0.6838198010604253,399.30215769743086,6.050032692385316,True,231.74722299834775,213839933225.4088
UGC10310,7,1.0757008353979156e-10,0.9938095746296889,9.803107128987346,1.6338511881645577,True,2.218389690256407e-11,0.2049507485620829,2.2248646644551675,0.5738824168873179,0.11477648337746357,True,9.412973581887228e-11,0.8696380037629532,9.255803973968728,1.5426339956614548,True,1.086937552717971e-11,0.10041908599207312,2.2466181252368327,0.5770436033648734,0.11540872067297467,True,72.16666666666667,2577977799.1344323
UGC11455,36,1.6490347872826496e-10,1.5234965954941426,170.32891884470632,4.866540538420181,True,1.393125184288066e-10,1.2870689519275915,0.5534449913977411,163.97123164223254,4.822683283595075,True,9.053450422916133e-11,0.836422676050168,174.30979866045223,4.980279961727207,True,1.996144361971248e-10,1.8441813132331248,0.3232360009593493,156.38524292550832,4.599565968397304,True,269.7488811228542,243940690867.99554
UGC11557,12,2.101281069448549e-11,0.19413141433822548,13.723372186044864,1.2475792896404423,True,6.174828760630664e-11,0.5704749631196039,0.21906370120355,10.558964737179215,1.0558964737179215,True,1.0545022949657283e-11,0.09742248427447413,13.60166922096048,1.23651538372368,True,5.492406902951863e-11,0.5074279379820898,0.18024473169178884,10.666584581299215,1.0666584581299214,True,81.4,10346441030.00126
UGC11820,10,7.916951489407087e-11,0.7314247542757635,21.48467099303064,2.3871856658922934,True,5.858772455588691e-11,0.5412754150913079,1.3181390631103782,3.73874035637785,0.46734254454723123,True,7.314875465420571e-11,0.6758006534474476,19.513369749984538,2.1681521944427264,True,5.6794712246035e-11,0.524710281530725,1.0268345216940216,4.303916729851854,0.5379895912314817,True,80.88333333333333,4386698261.701241
UGC11914,65,6.591748124680506e-10,6.089929638691323,993.8864131003935,15.529475204693648,True,1.9517437918695237e-10,1.803160882427391,0.9657646046308223,579.673191640435,9.201161772070396,True,3.371387455721767e-10,3.11472950752457,1014.9687246853861,15.858886323209157,True,1.1748425097872978e-09,10.854037632839537,0.1,111.32543953077585,1.7670704687424739,True,288.1942369983734,71396424332.14531
UGC12506,31,2.7293989146357415e-10,2.521614453655687,161.3836619418064,5.379455398060213,True,4.764990438216706e-11,0.44022398837005267,1.908076369054032,29.387828219013333,1.0133733868625288,True,2.2862172245668766e-10,2.112171426005642,117.53790399267898,3.9179301330892993,True,2.3703528607566468e-11,0.21899019604269743,1.9128813544265986,29.49736004574195,1.0171503464048948,True,229.5059841365745,129432284152.32953
UGC12632,15,1.0002364907737631e-10,0.9240902012103173,57.91993156519402,4.13713796894243,True,3.16616611628548e-11,0.2925131316895047,2.5,4.868422520725602,0.37449404005581555,True,9.351035993349334e-11,0.8639157651541431,57.339619441166874,4.095687102940491,True,1.6112349692175995e-11,0.1488574412786707,2.5,4.010045494550025,0.3084650380423096,True,72.68654902197764,2827756333.814825
UGC12732,16,1.2429218569305504e-10,1.1483003464222157,53.9325918442724,3.5955061229514933,True,6.745318476480318e-11,0.6231808942839532,1.6298123657591275,1.1481903696088447,0.08201359782920319,True,1.1793648032715709e-10,1.089581782316814,52.99749939149819,3.533166626099879,True,6.756696032180368e-11,0.6242320344726107,1.2710126477525905,2.9489959279452824,0.2106425662818059,True,93.30510413338908,6080751684.89225
UGCA281,7,9.478238640141037e-11,0.8756676578867605,0.6175165112995578,0.1029194185499263,True,1.092548310348518e-10,1.0093744801901172,0.4080204143989845,0.6037948457313675,0.12075896914627351,True,7.751685004507776e-11,0.7161562512074756,0.6485790913302715,0.10809651522171192,True,1.077212145255267e-10,0.9952058310580967,0.35108085040625037,0.5171612042084338,0.10343224084168676,True,28.569727713279644,51018055.18493502
UGCA442,8,1.1873641345772154e-10,1.096972138241604,12.121967172277547,1.7317095960396496,True,1.379302866317131e-10,1.2742989033313108,0.1,10.207336560441199,1.7012227600735332,True,1.1263624208220463e-10,1.0406143803931767,14.594504535452984,2.084929219350426,True,1.3269343956893944e-10,1.2259171546090402,0.1,11.832735474808302,1.972122579134717,True,56.818362429838615,539322006.5703259
UGCA444,36,7.050426902043505e-11,0.6513689986942951,6.803922320244974,0.19439778057842783,True,5.5287269331835255e-11,0.5107834428406237,2.5,4.026120416102083,0.11841530635594362,True,6.336896372339042e-11,0.5854479313420904,8.204993409037767,0.23442838311536476,True,4.729655792076162e-11,0.4369595203604471,2.27238866003078,5.709050138828092,0.16791323937729682,True,34.92946432735412,140381171.9031209
