omega,S_intrinsic_edge_plus_line,S_external_lorentzians
0.85000,1.789435e-150,2.452373e-01
0.85100,2.159716e-152,2.475539e-01
0.85200,2.535208e-154,2.499045e-01
0.85300,2.894455e-156,2.522898e-01
0.85400,3.214076e-158,2.547102e-01
0.85500,3.471218e-160,2.571667e-01
0.85600,3.646228e-162,2.596598e-01
0.85700,3.725135e-164,2.621904e-01
0.85800,3.701489e-166,2.647591e-01
0.85900,3.577233e-168,2.673668e-01
0.86000,3.362438e-170,2.700142e-01
0.86100,3.073955e-172,2.727021e-01
0.86200,2.733236e-174,2.754314e-01
0.86300,2.363703e-176,2.782029e-01
0.86400,1.988131e-178,2.810175e-01
0.86500,1.626422e-180,2.838761e-01
0.86600,1.294070e-182,2.867796e-01
0.86700,1.001426e-184,2.897289e-01
0.86800,7.537302e-187,2.927249e-01
0.86900,5.517588e-189,2.957688e-01
0.87000,3.928429e-191,2.988615e-01
0.87100,2.720351e-193,3.020041e-01
0.87200,1.832175e-195,3.051975e-01
0.87300,1.200178e-197,3.084430e-01
0.87400,7.646456e-200,3.117416e-01
0.87500,4.738176e-202,3.150946e-01
0.87600,2.855607e-204,3.185030e-01
0.87700,1.673871e-206,3.219681e-01
0.87800,9.542930e-209,3.254913e-01
0.87900,5.291487e-211,3.290737e-01
0.88000,2.853711e-213,3.327167e-01
0.88100,1.496851e-215,3.364217e-01
0.88200,7.636308e-218,3.401900e-01
0.88300,3.789000e-220,3.440232e-01
0.88400,1.828529e-222,3.479226e-01
0.88500,8.582534e-225,3.518899e-01
0.88600,3.918009e-227,3.559265e-01
0.88700,1.739609e-229,3.600342e-01
0.88800,7.512318e-232,3.642145e-01
0.88900,3.155242e-234,3.684692e-01
0.89000,1.288925e-236,3.728000e-01
0.89100,5.121048e-239,3.772087e-01
0.89200,1.978911e-241,3.816973e-01
0.89300,7.437552e-244,3.862676e-01
0.89400,2.718755e-246,3.909216e-01
0.89500,9.665989e-249,3.956613e-01
0.89600,3.342403e-251,4.004888e-01
0.89700,1.124107e-253,4.054064e-01
0.89800,3.676992e-256,4.104161e-01
0.89900,1.169806e-258,4.155204e-01
0.90000,3.619692e-261,4.207216e-01
0.90100,1.089345e-263,4.260221e-01
0.90200,3.188567e-266,4.314244e-01
0.90300,9.077410e-269,4.369311e-01
0.90400,2.513417e-271,4.425450e-01
0.90500,6.768673e-274,4.482687e-01
0.90600,1.772877e-276,4.541052e-01
0.90700,4.516376e-279,4.600573e-01
0.90800,1.119020e-281,4.661281e-01
0.90900,2.696633e-284,4.723207e-01
0.91000,6.320363e-287,4.786384e-01
0.91100,1.440783e-289,4.850845e-01
0.91200,3.194415e-292,4.916625e-01
0.91300,6.888431e-295,4.983759e-01
0.91400,1.444726e-297,5.052284e-01
0.91500,2.947048e-300,5.122239e-01
0.91600,5.846891e-303,5.193662e-01
0.91700,1.128234e-305,5.266595e-01
0.91800,2.117432e-308,5.341079e-01
0.91900,3.865058e-311,5.417159e-01
0.92000,6.861813e-314,5.494879e-01
0.92100,1.184836e-316,5.574286e-01
0.92200,1.990739e-319,5.655429e-01
0.92300,3.260833e-322,5.738356e-01
0.92400,0.000000e+00,5.823121e-01
0.92500,0.000000e+00,5.909777e-01
0.92600,0.000000e+00,5.998379e-01
0.92700,0.000000e+00,6.088986e-01
0.92800,0.000000e+00,6.181656e-01
0.92900,0.000000e+00,6.276451e-01
0.93000,0.000000e+00,6.373437e-01
0.93100,0.000000e+00,6.472678e-01
0.93200,0.000000e+00,6.574245e-01
0.93300,0.000000e+00,6.678209e-01
0.93400,0.000000e+00,6.784645e-01
0.93500,0.000000e+00,6.893628e-01
0.93600,0.000000e+00,7.005240e-01
0.93700,0.000000e+00,7.119564e-01
0.93800,0.000000e+00,7.236686e-01
0.93900,0.000000e+00,7.356696e-01
0.94000,0.000000e+00,7.479687e-01
0.94100,0.000000e+00,7.605756e-01
0.94200,0.000000e+00,7.735004e-01
0.94300,0.000000e+00,7.867536e-01
0.94400,0.000000e+00,8.003461e-01
0.94500,0.000000e+00,8.142892e-01
0.94600,0.000000e+00,8.285948e-01
0.94700,0.000000e+00,8.432751e-01
0.94800,0.000000e+00,8.583430e-01
0.94900,0.000000e+00,8.738118e-01
0.95000,0.000000e+00,8.896953e-01
0.95100,0.000000e+00,9.060081e-01
0.95200,0.000000e+00,9.227653e-01
0.95300,0.000000e+00,9.399825e-01
0.95400,0.000000e+00,9.576762e-01
0.95500,0.000000e+00,9.758635e-01
0.95600,0.000000e+00,9.945623e-01
0.95700,0.000000e+00,1.013791e+00
0.95800,0.000000e+00,1.033569e+00
0.95900,0.000000e+00,1.053918e+00
0.96000,0.000000e+00,1.074857e+00
0.96100,0.000000e+00,1.096409e+00
0.96200,0.000000e+00,1.118598e+00
0.96300,0.000000e+00,1.141447e+00
0.96400,0.000000e+00,1.164982e+00
0.96500,0.000000e+00,1.189229e+00
0.96600,0.000000e+00,1.214216e+00
0.96700,0.000000e+00,1.239972e+00
0.96800,0.000000e+00,1.266527e+00
0.96900,0.000000e+00,1.293913e+00
0.97000,0.000000e+00,1.322162e+00
0.97100,0.000000e+00,1.351311e+00
0.97200,0.000000e+00,1.381394e+00
0.97300,0.000000e+00,1.412450e+00
0.97400,0.000000e+00,1.444519e+00
0.97500,0.000000e+00,1.477643e+00
0.97600,0.000000e+00,1.511866e+00
0.97700,0.000000e+00,1.547232e+00
0.97800,0.000000e+00,1.583792e+00
0.97900,0.000000e+00,1.621594e+00
0.98000,0.000000e+00,1.660691e+00
0.98100,0.000000e+00,1.701140e+00
0.98200,0.000000e+00,1.742998e+00
0.98300,0.000000e+00,1.786326e+00
0.98400,0.000000e+00,1.831188e+00
0.98500,0.000000e+00,1.877651e+00
0.98600,0.000000e+00,1.925785e+00
0.98700,0.000000e+00,1.975663e+00
0.98800,0.000000e+00,2.027363e+00
0.98900,0.000000e+00,2.080965e+00
0.99000,0.000000e+00,2.136554e+00
0.99100,0.000000e+00,2.194218e+00
0.99200,0.000000e+00,2.254050e+00
0.99300,0.000000e+00,2.316147e+00
0.99400,0.000000e+00,2.380610e+00
0.99500,0.000000e+00,2.447545e+00
0.99600,0.000000e+00,2.517063e+00
0.99700,0.000000e+00,2.589278e+00
0.99800,0.000000e+00,2.664312e+00
0.99900,0.000000e+00,2.742288e+00
1.00000,0.000000e+00,2.823337e+00
1.00100,2.377955e-04,2.907594e+00
1.00200,4.755672e-04,2.995197e+00
1.00300,7.133151e-04,3.086292e+00
1.00400,9.510392e-04,3.181028e+00
1.00500,1.188740e-03,3.279556e+00
1.00600,1.426416e-03,3.382034e+00
1.00700,1.664069e-03,3.488621e+00
1.00800,1.901698e-03,3.599482e+00
1.00900,2.139303e-03,3.714779e+00
1.01000,2.376885e-03,3.834678e+00
1.01100,2.614443e-03,3.959344e+00
1.01200,2.851977e-03,4.088939e+00
1.01300,3.089487e-03,4.223624e+00
1.01400,3.326973e-03,4.363552e+00
1.01500,3.564436e-03,4.508867e+00
1.01600,3.801875e-03,4.659705e+00
1.01700,4.039290e-03,4.816184e+00
1.01800,4.276682e-03,4.978406e+00
1.01900,4.514049e-03,5.146451e+00
1.02000,4.751393e-03,5.320369e+00
1.02100,4.988714e-03,5.500178e+00
1.02200,5.226010e-03,5.685857e+00
1.02300,5.463283e-03,5.877339e+00
1.02400,5.700532e-03,6.074502e+00
1.02500,5.937757e-03,6.277162e+00
1.02600,6.174959e-03,6.485067e+00
1.02700,6.412136e-03,6.697882e+00
1.02800,6.649290e-03,6.915185e+00
1.02900,6.886421e-03,7.136456e+00
1.03000,7.123527e-03,7.361068e+00
1.03100,7.360610e-03,7.588277e+00
1.03200,7.597669e-03,7.817219e+00
1.03300,7.834705e-03,8.046900e+00
1.03400,8.071717e-03,8.276194e+00
1.03500,8.308705e-03,8.503847e+00
1.03600,8.545669e-03,8.728471e+00
1.03700,8.782609e-03,8.948559e+00
1.03800,9.019526e-03,9.162496e+00
1.03900,9.256419e-03,9.368573e+00
1.04000,9.493289e-03,9.565009e+00
1.04100,9.730134e-03,9.749986e+00
1.04200,9.966956e-03,9.921674e+00
1.04300,1.020375e-02,1.007827e+01
1.04400,1.044053e-02,1.021806e+01
1.04500,1.067728e-02,1.033941e+01
1.04600,1.091401e-02,1.044087e+01
1.04700,1.115071e-02,1.052117e+01
1.04800,1.138739e-02,1.057931e+01
1.04900,1.162405e-02,1.061450e+01
1.05000,1.186068e-02,1.062631e+01
1.05100,1.209729e-02,1.061456e+01
1.05200,1.233387e-02,1.057941e+01
1.05300,1.257043e-02,1.052134e+01
1.05400,1.280697e-02,1.044108e+01
1.05500,1.304349e-02,1.033968e+01
1.05600,1.327998e-02,1.021838e+01
1.05700,1.351644e-02,1.007865e+01
1.05800,1.375289e-02,9.922104e+00
1.05900,1.398930e-02,9.750469e+00
1.06000,1.422570e-02,9.565546e+00
1.06100,1.446207e-02,9.369163e+00
1.06200,1.469842e-02,9.163140e+00
1.06300,1.493474e-02,8.949257e+00
1.06400,1.517105e-02,8.729222e+00
1.06500,1.540732e-02,8.504652e+00
1.06600,1.564358e-02,8.277053e+00
1.06700,1.587981e-02,8.047812e+00
1.06800,1.611601e-02,7.818185e+00
1.06900,1.635220e-02,7.589297e+00
1.07000,1.658835e-02,7.362141e+00
1.07100,1.682449e-02,7.137583e+00
1.07200,1.706060e-02,6.916366e+00
1.07300,1.729669e-02,6.699117e+00
1.07400,1.753275e-02,6.486356e+00
1.07500,1.776879e-02,6.278505e+00
1.07600,1.800481e-02,6.075898e+00
1.07700,1.824080e-02,5.878789e+00
1.07800,1.847677e-02,5.687361e+00
1.07900,1.871272e-02,5.501736e+00
1.08000,1.894864e-02,5.321980e+00
1.08100,1.918454e-02,5.148116e+00
1.08200,1.942042e-02,4.980126e+00
1.08300,1.965627e-02,4.817957e+00
1.08400,1.989210e-02,4.661532e+00
1.08500,2.012790e-02,4.510749e+00
1.08600,2.036368e-02,4.365487e+00
1.08700,2.059944e-02,4.225614e+00
1.08800,2.083517e-02,4.090983e+00
1.08900,2.107088e-02,3.961441e+00
1.09000,2.130657e-02,3.836829e+00
1.09100,2.154223e-02,3.716984e+00
1.09200,2.177787e-02,3.601741e+00
1.09300,2.201348e-02,3.490935e+00
1.09400,2.224907e-02,3.384402e+00
1.09500,2.248464e-02,3.281978e+00
1.09600,2.272019e-02,3.183504e+00
1.09700,2.295571e-02,3.088823e+00
1.09800,2.319121e-02,2.997782e+00
1.09900,2.342668e-02,2.910233e+00
1.10000,2.366213e-02,2.826030e+00
1.10100,2.389756e-02,2.745036e+00
1.10200,2.413296e-02,2.667114e+00
1.10300,2.436834e-02,2.592135e+00
1.10400,2.460369e-02,2.519974e+00
1.10500,2.483902e-02,2.450510e+00
1.10600,2.507433e-02,2.383630e+00
1.10700,2.530962e-02,2.319221e+00
1.10800,2.554488e-02,2.257179e+00
1.10900,2.578012e-02,2.197401e+00
1.11000,2.601533e-02,2.139791e+00
1.11100,2.625052e-02,2.084257e+00
1.11200,2.648569e-02,2.030710e+00
1.11300,2.672083e-02,1.979065e+00
1.11400,2.695595e-02,1.929241e+00
1.11500,2.719105e-02,1.881162e+00
1.11600,2.742612e-02,1.834754e+00
1.11700,2.766117e-02,1.789947e+00
1.11800,2.789619e-02,1.746674e+00
1.11900,2.813120e-02,1.704871e+00
1.12000,2.836617e-02,1.664477e+00
1.12100,2.860113e-02,1.625434e+00
1.12200,2.883606e-02,1.587687e+00
1.12300,2.907097e-02,1.551183e+00
1.12400,2.930585e-02,1.515871e+00
1.12500,2.954071e-02,1.481704e+00
1.12600,2.977555e-02,1.448635e+00
1.12700,3.001036e-02,1.416621e+00
1.12800,3.024515e-02,1.385620e+00
1.12900,3.047992e-02,1.355592e+00
1.13000,3.071466e-02,1.326499e+00
1.13100,3.094938e-02,1.298305e+00
1.13200,3.118408e-02,1.270975e+00
1.13300,3.141875e-02,1.244475e+00
1.13400,3.165340e-02,1.218775e+00
1.13500,3.188802e-02,1.193843e+00
1.13600,3.212262e-02,1.169651e+00
1.13700,3.235720e-02,1.146172e+00
1.13800,3.259175e-02,1.123379e+00
1.13900,3.282629e-02,1.101246e+00
1.14000,3.306079e-02,1.079749e+00
1.14100,3.329528e-02,1.058866e+00
1.14200,3.352974e-02,1.038574e+00
1.14300,3.376417e-02,1.018851e+00
1.14400,3.399859e-02,9.996783e-01
1.14500,3.423298e-02,9.810356e-01
1.14600,3.446734e-02,9.629044e-01
1.14700,3.470168e-02,9.452668e-01
1.14800,3.493600e-02,9.281058e-01
1.14900,3.517030e-02,9.114049e-01
1.15000,3.540457e-02,8.951484e-01
1.15100,3.563882e-02,8.793212e-01
1.15200,3.587304e-02,8.639088e-01
1.15300,3.610725e-02,8.488974e-01
1.15400,3.634142e-02,8.342735e-01
1.15500,3.657558e-02,8.200245e-01
1.15600,3.680971e-02,8.061380e-01
1.15700,3.704382e-02,7.926023e-01
1.15800,3.727790e-02,7.794058e-01
1.15900,3.751196e-02,7.665378e-01
1.16000,3.774600e-02,7.539878e-01
1.16100,3.798001e-02,7.417456e-01
1.16200,3.821400e-02,7.298016e-01
1.16300,3.844797e-02,7.181465e-01
1.16400,3.868191e-02,7.067712e-01
1.16500,3.891583e-02,6.956672e-01
1.16600,3.914973e-02,6.848260e-01
1.16700,3.938360e-02,6.742398e-01
1.16800,3.961745e-02,6.639008e-01
1.16900,3.985127e-02,6.538015e-01
1.17000,4.008508e-02,6.439348e-01
1.17100,4.031885e-02,6.342939e-01
1.17200,4.055261e-02,6.248720e-01
1.17300,4.078634e-02,6.156627e-01
1.17400,4.102005e-02,6.066598e-01
1.17500,4.125373e-02,5.978574e-01
1.17600,4.148739e-02,5.892497e-01
1.17700,4.172103e-02,5.808312e-01
1.17800,4.195465e-02,5.725965e-01
1.17900,4.218824e-02,5.645404e-01
1.18000,4.242180e-02,5.566579e-01
1.18100,4.265535e-02,5.489442e-01
1.18200,4.288887e-02,5.413945e-01
1.18300,4.312237e-02,5.340045e-01
1.18400,4.335584e-02,5.267697e-01
1.18500,4.358929e-02,5.196860e-01
1.18600,4.382272e-02,5.127492e-01
1.18700,4.405612e-02,5.059554e-01
1.18800,4.428950e-02,4.993008e-01
1.18900,4.452286e-02,4.927817e-01
1.19000,4.475619e-02,4.863945e-01
1.19100,4.498950e-02,4.801359e-01
1.19200,4.522278e-02,4.740024e-01
1.19300,4.545605e-02,4.679908e-01
1.19400,4.568928e-02,4.620979e-01
1.19500,4.592250e-02,4.563209e-01
1.19600,4.615569e-02,4.506566e-01
1.19700,4.638886e-02,4.451022e-01
1.19800,4.662201e-02,4.396551e-01
1.19900,4.685513e-02,4.343125e-01
1.20000,4.708823e-02,4.290718e-01
1.20100,4.732130e-02,4.239305e-01
1.20200,4.755435e-02,4.188862e-01
1.20300,4.778738e-02,4.139365e-01
1.20400,4.802039e-02,4.090791e-01
1.20500,4.825337e-02,4.043118e-01
1.20600,4.848633e-02,3.996324e-01
1.20700,4.871926e-02,3.950388e-01
1.20800,4.895217e-02,3.905290e-01
1.20900,4.918506e-02,3.861011e-01
1.21000,4.941792e-02,3.817530e-01
1.21100,4.965076e-02,3.774830e-01
1.21200,4.988358e-02,3.732892e-01
1.21300,5.011638e-02,3.691698e-01
1.21400,5.034915e-02,3.651232e-01
1.21500,5.058189e-02,3.611477e-01
1.21600,5.081462e-02,3.572417e-01
1.21700,5.104732e-02,3.534037e-01
1.21800,5.127999e-02,3.496320e-01
1.21900,5.151265e-02,3.459252e-01
1.22000,5.174528e-02,3.422819e-01
1.22100,5.197789e-02,3.387006e-01
1.22200,5.221047e-02,3.351801e-01
1.22300,5.244303e-02,3.317189e-01
1.22400,5.267557e-02,3.283158e-01
1.22500,5.290808e-02,3.249695e-01
1.22600,5.314057e-02,3.216789e-01
1.22700,5.337304e-02,3.184426e-01
1.22800,5.360548e-02,3.152597e-01
1.22900,5.383790e-02,3.121288e-01
1.23000,5.407029e-02,3.090490e-01
1.23100,5.430267e-02,3.060191e-01
1.23200,5.453502e-02,3.030381e-01
1.23300,5.476734e-02,3.001050e-01
1.23400,5.499965e-02,2.972189e-01
1.23500,5.523193e-02,2.943787e-01
1.23600,5.546418e-02,2.915835e-01
1.23700,5.569641e-02,2.888324e-01
1.23800,5.592862e-02,2.861245e-01
1.23900,5.616081e-02,2.834589e-01
1.24000,5.639297e-02,2.808348e-01
1.24100,5.662511e-02,2.782513e-01
1.24200,5.685723e-02,2.757077e-01
1.24300,5.708932e-02,2.732031e-01
1.24400,5.732139e-02,2.707369e-01
1.24500,5.755344e-02,2.683081e-01
1.24600,5.778546e-02,2.659162e-01
1.24700,5.801746e-02,2.635604e-01
1.24800,5.824943e-02,2.612400e-01
1.24900,5.848139e-02,2.589543e-01
1.25000,5.871332e-02,2.567026e-01
1.25100,5.894522e-02,2.544844e-01
1.25200,5.917710e-02,2.522989e-01
1.25300,5.940896e-02,2.501456e-01
1.25400,5.964080e-02,2.480239e-01
1.25500,5.987261e-02,2.459331e-01
1.25600,6.010440e-02,2.438727e-01
1.25700,6.033617e-02,2.418422e-01
1.25800,6.056791e-02,2.398409e-01
1.25900,6.079963e-02,2.378684e-01
1.26000,6.103133e-02,2.359241e-01
1.26100,6.126300e-02,2.340075e-01
1.26200,6.149465e-02,2.321181e-01
1.26300,6.172627e-02,2.302554e-01
1.26400,6.195788e-02,2.284190e-01
1.26500,6.218946e-02,2.266083e-01
1.26600,6.242101e-02,2.248230e-01
1.26700,6.265254e-02,2.230626e-01
1.26800,6.288405e-02,2.213265e-01
1.26900,6.311554e-02,2.196145e-01
1.27000,6.334700e-02,2.179261e-01
1.27100,6.357844e-02,2.162608e-01
1.27200,6.380986e-02,2.146183e-01
1.27300,6.404125e-02,2.129982e-01
1.27400,6.427262e-02,2.114001e-01
1.27500,6.450397e-02,2.098237e-01
1.27600,6.473529e-02,2.082685e-01
1.27700,6.496659e-02,2.067342e-01
1.27800,6.519787e-02,2.052204e-01
1.27900,6.542912e-02,2.037269e-01
1.28000,6.566035e-02,2.022532e-01
1.28100,6.589156e-02,2.007991e-01
1.28200,6.612274e-02,1.993642e-01
1.28300,6.635390e-02,1.979481e-01
1.28400,6.658504e-02,1.965507e-01
1.28500,6.681615e-02,1.951716e-01
1.28600,6.704724e-02,1.938104e-01
1.28700,6.727831e-02,1.924670e-01
1.28800,6.750935e-02,1.911409e-01
1.28900,6.774037e-02,1.898321e-01
1.29000,6.797137e-02,1.885400e-01
1.29100,6.820234e-02,1.872646e-01
1.29200,6.843329e-02,1.860055e-01
1.29300,6.866422e-02,1.847624e-01
1.29400,6.889512e-02,1.835352e-01
1.29500,6.912600e-02,1.823236e-01
1.29600,6.935686e-02,1.811273e-01
1.29700,6.958770e-02,1.799461e-01
1.29800,6.981851e-02,1.787797e-01
1.29900,7.004930e-02,1.776280e-01
1.30000,7.028006e-02,1.764907e-01
1.30100,7.051080e-02,1.753676e-01
1.30200,7.074152e-02,1.742584e-01
1.30300,7.097221e-02,1.731630e-01
1.30400,7.120289e-02,1.720812e-01
1.30500,7.143353e-02,1.710127e-01
1.30600,7.166416e-02,1.699574e-01
1.30700,7.189476e-02,1.689150e-01
1.30800,7.212534e-02,1.678854e-01
1.30900,7.235589e-02,1.668684e-01
1.31000,7.258643e-02,1.658638e-01
1.31100,7.281693e-02,1.648714e-01
1.31200,7.304742e-02,1.638910e-01
1.31300,7.327788e-02,1.629224e-01
1.31400,7.350832e-02,1.619656e-01
1.31500,7.373874e-02,1.610203e-01
1.31600,7.396913e-02,1.600863e-01
1.31700,7.419950e-02,1.591636e-01
1.31800,7.442985e-02,1.582518e-01
1.31900,7.466017e-02,1.573510e-01
1.32000,7.489047e-02,1.564608e-01
1.32100,7.512075e-02,1.555813e-01
1.32200,7.535100e-02,1.547122e-01
1.32300,7.558123e-02,1.538533e-01
1.32400,7.581144e-02,1.530046e-01
1.32500,7.604162e-02,1.521659e-01
1.32600,7.627178e-02,1.513371e-01
1.32700,7.650192e-02,1.505179e-01
1.32800,7.673203e-02,1.497084e-01
1.32900,7.696212e-02,1.489084e-01
1.33000,7.719219e-02,1.481176e-01
1.33100,7.742224e-02,1.473361e-01
1.33200,7.765226e-02,1.465637e-01
1.33300,7.788225e-02,1.458002e-01
1.33400,7.811223e-02,1.450456e-01
1.33500,7.834218e-02,1.442997e-01
1.33600,7.857211e-02,1.435625e-01
1.33700,7.880202e-02,1.428337e-01
1.33800,7.903190e-02,1.421133e-01
1.33900,7.926176e-02,1.414012e-01
1.34000,7.949159e-02,1.406973e-01
1.34100,7.972140e-02,1.400015e-01
1.34200,7.995119e-02,1.393136e-01
1.34300,8.018096e-02,1.386335e-01
1.34400,8.041070e-02,1.379613e-01
1.34500,8.064042e-02,1.372967e-01
1.34600,8.087012e-02,1.366396e-01
1.34700,8.109979e-02,1.359901e-01
1.34800,8.132944e-02,1.353479e-01
1.34900,8.155907e-02,1.347130e-01
1.35000,8.178868e-02,1.340853e-01
1.35100,8.201826e-02,1.334647e-01
1.35200,8.224781e-02,1.328511e-01
1.35300,8.247735e-02,1.322444e-01
1.35400,8.270686e-02,1.316446e-01
1.35500,8.293635e-02,1.310516e-01
1.35600,8.316581e-02,1.304652e-01
1.35700,8.339526e-02,1.298855e-01
1.35800,8.362467e-02,1.293122e-01
1.35900,8.385407e-02,1.287454e-01
1.36000,8.408344e-02,1.281850e-01
1.36100,8.431279e-02,1.276309e-01
1.36200,8.454212e-02,1.270829e-01
1.36300,8.477142e-02,1.265412e-01
1.36400,8.500070e-02,1.260055e-01
1.36500,8.522996e-02,1.254758e-01
1.36600,8.545919e-02,1.249520e-01
1.36700,8.568840e-02,1.244341e-01
1.36800,8.591759e-02,1.239220e-01
1.36900,8.614675e-02,1.234156e-01
1.37000,8.637590e-02,1.229149e-01
1.37100,8.660501e-02,1.224197e-01
1.37200,8.683411e-02,1.219301e-01
1.37300,8.706318e-02,1.214460e-01
1.37400,8.729223e-02,1.209673e-01
1.37500,8.752125e-02,1.204940e-01
1.37600,8.775026e-02,1.200259e-01
1.37700,8.797924e-02,1.195631e-01
1.37800,8.820819e-02,1.191055e-01
1.37900,8.843712e-02,1.186529e-01
1.38000,8.866603e-02,1.182055e-01
1.38100,8.889492e-02,1.177630e-01
1.38200,8.912379e-02,1.173255e-01
1.38300,8.935263e-02,1.168929e-01
1.38400,8.958144e-02,1.164651e-01
1.38500,8.981024e-02,1.160422e-01
1.38600,9.003901e-02,1.156240e-01
1.38700,9.026776e-02,1.152105e-01
1.38800,9.049648e-02,1.148016e-01
1.38900,9.072518e-02,1.143973e-01
1.39000,9.095386e-02,1.139976e-01
1.39100,9.118252e-02,1.136024e-01
1.39200,9.141115e-02,1.132117e-01
1.39300,9.163976e-02,1.128253e-01
1.39400,9.186835e-02,1.124433e-01
1.39500,9.209691e-02,1.120657e-01
1.39600,9.232545e-02,1.116923e-01
1.39700,9.255397e-02,1.113232e-01
1.39800,9.278246e-02,1.109582e-01
1.39900,9.301093e-02,1.105974e-01
1.40000,9.323938e-02,1.102407e-01
1.40100,9.346781e-02,1.098881e-01
1.40200,9.369621e-02,1.095395e-01
1.40300,9.392459e-02,1.091950e-01
1.40400,9.415294e-02,1.088543e-01
1.40500,9.438128e-02,1.085176e-01
1.40600,9.460959e-02,1.081847e-01
1.40700,9.483787e-02,1.078557e-01
1.40800,9.506614e-02,1.075305e-01
1.40900,9.529438e-02,1.072091e-01
1.41000,9.552259e-02,1.068914e-01
1.41100,9.575079e-02,1.065774e-01
1.41200,9.597896e-02,1.062670e-01
1.41300,9.620711e-02,1.059603e-01
1.41400,9.643523e-02,1.056572e-01
1.41500,9.666333e-02,1.053576e-01
1.41600,9.689141e-02,1.050616e-01
1.41700,9.711947e-02,1.047690e-01
1.41800,9.734750e-02,1.044800e-01
1.41900,9.757551e-02,1.041944e-01
1.42000,9.780350e-02,1.039121e-01
1.42100,9.803146e-02,1.036333e-01
1.42200,9.825940e-02,1.033578e-01
1.42300,9.848732e-02,1.030856e-01
1.42400,9.871522e-02,1.028167e-01
1.42500,9.894309e-02,1.025511e-01
1.42600,9.917094e-02,1.022887e-01
1.42700,9.939876e-02,1.020295e-01
1.42800,9.962656e-02,1.017735e-01
1.42900,9.985434e-02,1.015206e-01
1.43000,1.000821e-01,1.012709e-01
1.43100,1.003098e-01,1.010243e-01
1.43200,1.005375e-01,1.007807e-01
1.43300,1.007652e-01,1.005402e-01
1.43400,1.009929e-01,1.003027e-01
1.43500,1.012205e-01,1.000682e-01
1.43600,1.014482e-01,9.983669e-02
1.43700,1.016758e-01,9.960813e-02
1.43800,1.019033e-01,9.938249e-02
1.43900,1.021309e-01,9.915977e-02
1.44000,1.023584e-01,9.893993e-02
1.44100,1.025859e-01,9.872294e-02
1.44200,1.028134e-01,9.850880e-02
1.44300,1.030408e-01,9.829748e-02
1.44400,1.032683e-01,9.808895e-02
1.44500,1.034957e-01,9.788320e-02
1.44600,1.037231e-01,9.768020e-02
1.44700,1.039504e-01,9.747994e-02
1.44800,1.041778e-01,9.728239e-02
1.44900,1.044051e-01,9.708753e-02
1.45000,1.046324e-01,9.689535e-02
1.45100,1.048597e-01,9.670583e-02
1.45200,1.050869e-01,9.651894e-02
1.45300,1.053141e-01,9.633468e-02
1.45400,1.055414e-01,9.615301e-02
1.45500,1.057685e-01,9.597392e-02
1.45600,1.059957e-01,9.579740e-02
1.45700,1.062228e-01,9.562343e-02
1.45800,1.064499e-01,9.545199e-02
1.45900,1.066770e-01,9.528306e-02
1.46000,1.069041e-01,9.511662e-02
1.46100,1.071311e-01,9.495267e-02
1.46200,1.073582e-01,9.479118e-02
1.46300,1.075852e-01,9.463214e-02
1.46400,1.078121e-01,9.447553e-02
1.46500,1.080391e-01,9.432133e-02
1.46600,1.082660e-01,9.416954e-02
1.46700,1.084929e-01,9.402014e-02
1.46800,1.087198e-01,9.387311e-02
1.46900,1.089467e-01,9.372843e-02
1.47000,1.091735e-01,9.358610e-02
1.47100,1.094003e-01,9.344610e-02
1.47200,1.096271e-01,9.330841e-02
1.47300,1.098539e-01,9.317303e-02
1.47400,1.100806e-01,9.303993e-02
1.47500,1.103073e-01,9.290911e-02
1.47600,1.105340e-01,9.278055e-02
1.47700,1.107607e-01,9.265425e-02
1.47800,1.109874e-01,9.253018e-02
1.47900,1.112140e-01,9.240834e-02
1.48000,1.114406e-01,9.228871e-02
1.48100,1.116672e-01,9.217128e-02
1.48200,1.118937e-01,9.205604e-02
1.48300,1.121203e-01,9.194298e-02
1.48400,1.123468e-01,9.183209e-02
1.48500,1.125733e-01,9.172335e-02
1.48600,1.127998e-01,9.161676e-02
1.48700,1.130262e-01,9.151230e-02
1.48800,1.132526e-01,9.140997e-02
1.48900,1.134790e-01,9.130975e-02
1.49000,1.137054e-01,9.121164e-02
1.49100,1.139318e-01,9.111562e-02
1.49200,1.141581e-01,9.102169e-02
1.49300,1.143844e-01,9.092983e-02
1.49400,1.146107e-01,9.084003e-02
1.49500,1.148370e-01,9.075229e-02
1.49600,1.150632e-01,9.066660e-02
1.49700,1.152894e-01,9.058295e-02
1.49800,1.155156e-01,9.050133e-02
1.49900,1.157418e-01,9.042173e-02
1.50000,1.159679e-01,9.034414e-02
1.50100,1.161941e-01,9.026856e-02
1.50200,1.164202e-01,9.019497e-02
1.50300,1.166462e-01,9.012337e-02
1.50400,1.168723e-01,9.005376e-02
1.50500,1.170983e-01,8.998612e-02
1.50600,1.173243e-01,8.992044e-02
1.50700,1.175503e-01,8.985673e-02
1.50800,1.177763e-01,8.979497e-02
1.50900,1.180022e-01,8.973515e-02
1.51000,1.182282e-01,8.967728e-02
1.51100,1.184541e-01,8.962133e-02
1.51200,1.186799e-01,8.956731e-02
1.51300,1.189058e-01,8.951522e-02
1.51400,1.191316e-01,8.946503e-02
1.51500,1.193574e-01,8.941676e-02
1.51600,1.195832e-01,8.937038e-02
1.51700,1.198090e-01,8.932591e-02
1.51800,1.200347e-01,8.928332e-02
1.51900,1.202604e-01,8.924262e-02
1.52000,1.204861e-01,8.920380e-02
1.52100,1.207118e-01,8.916686e-02
1.52200,1.209374e-01,8.913179e-02
1.52300,1.211630e-01,8.909859e-02
1.52400,1.213886e-01,8.906724e-02
1.52500,1.216142e-01,8.903775e-02
1.52600,1.218398e-01,8.901012e-02
1.52700,1.220653e-01,8.898434e-02
1.52800,1.222908e-01,8.896039e-02
1.52900,1.225163e-01,8.893829e-02
1.53000,1.227418e-01,8.891803e-02
1.53100,1.229672e-01,8.889960e-02
1.53200,1.231926e-01,8.888300e-02
1.53300,1.234180e-01,8.886823e-02
1.53400,1.236434e-01,8.885528e-02
1.53500,1.238687e-01,8.884415e-02
1.53600,1.240941e-01,8.883484e-02
1.53700,1.243194e-01,8.882734e-02
1.53800,1.245446e-01,8.882165e-02
1.53900,1.247699e-01,8.881778e-02
1.54000,1.249951e-01,8.881571e-02
1.54100,1.252203e-01,8.881544e-02
1.54200,1.254455e-01,8.881698e-02
1.54300,1.256707e-01,8.882032e-02
1.54400,1.258958e-01,8.882545e-02
1.54500,1.261210e-01,8.883239e-02
1.54600,1.263461e-01,8.884112e-02
1.54700,1.265711e-01,8.885164e-02
1.54800,1.267962e-01,8.886395e-02
1.54900,1.270212e-01,8.887806e-02
1.55000,1.272462e-01,8.889395e-02
1.55100,1.274712e-01,8.891164e-02
1.55200,1.276962e-01,8.893111e-02
1.55300,1.279211e-01,8.895237e-02
1.55400,1.281460e-01,8.897542e-02
1.55500,1.283709e-01,8.900026e-02
1.55600,1.285958e-01,8.902688e-02
1.55700,1.288206e-01,8.905528e-02
1.55800,1.290454e-01,8.908547e-02
1.55900,1.292702e-01,8.911745e-02
1.56000,1.294950e-01,8.915122e-02
1.56100,1.297198e-01,8.918676e-02
1.56200,1.299445e-01,8.922410e-02
1.56300,1.301692e-01,8.926323e-02
1.56400,1.303939e-01,8.930414e-02
1.56500,1.306186e-01,8.934684e-02
1.56600,1.308432e-01,8.939133e-02
1.56700,1.310678e-01,8.943761e-02
1.56800,1.312924e-01,8.948568e-02
1.56900,1.315170e-01,8.953555e-02
1.57000,1.317415e-01,8.958721e-02
1.57100,1.319661e-01,8.964066e-02
1.57200,1.321906e-01,8.969592e-02
1.57300,1.324151e-01,8.975297e-02
1.57400,1.326395e-01,8.981183e-02
1.57500,1.328640e-01,8.987249e-02
1.57600,1.330884e-01,8.993495e-02
1.57700,1.333128e-01,8.999923e-02
1.57800,1.335371e-01,9.006531e-02
1.57900,1.337615e-01,9.013321e-02
1.58000,1.339858e-01,9.020292e-02
1.58100,1.342101e-01,9.027445e-02
1.58200,1.344344e-01,9.034780e-02
1.58300,1.346586e-01,9.042298e-02
1.58400,1.348828e-01,9.049999e-02
1.58500,1.351071e-01,9.057882e-02
1.58600,1.353312e-01,9.065950e-02
1.58700,1.355554e-01,9.074201e-02
1.58800,1.357795e-01,9.082636e-02
1.58900,1.360037e-01,9.091256e-02
1.59000,1.362278e-01,9.100060e-02
1.59100,1.364518e-01,9.109051e-02
1.59200,1.366759e-01,9.118227e-02
1.59300,1.368999e-01,9.127589e-02
1.59400,1.371239e-01,9.137138e-02
1.59500,1.373479e-01,9.146875e-02
1.59600,1.375718e-01,9.156799e-02
1.59700,1.377958e-01,9.166911e-02
1.59800,1.380197e-01,9.177212e-02
1.59900,1.382436e-01,9.187702e-02
1.60000,1.384675e-01,9.198381e-02
1.60100,1.386913e-01,9.209252e-02
1.60200,1.389151e-01,9.220312e-02
1.60300,1.391389e-01,9.231565e-02
1.60400,1.393627e-01,9.243009e-02
1.60500,1.395864e-01,9.254646e-02
1.60600,1.398102e-01,9.266477e-02
1.60700,1.400339e-01,9.278501e-02
1.60800,1.402576e-01,9.290719e-02
1.60900,1.404812e-01,9.303133e-02
1.61000,1.407049e-01,9.315743e-02
1.61100,1.409285e-01,9.328549e-02
1.61200,1.411521e-01,9.341553e-02
1.61300,1.413757e-01,9.354755e-02
1.61400,1.415992e-01,9.368155e-02
1.61500,1.418227e-01,9.381755e-02
1.61600,1.420462e-01,9.395555e-02
1.61700,1.422697e-01,9.409556e-02
1.61800,1.424932e-01,9.423759e-02
1.61900,1.427166e-01,9.438164e-02
1.62000,1.429400e-01,9.452773e-02
1.62100,1.431634e-01,9.467587e-02
1.62200,1.433868e-01,9.482605e-02
1.62300,1.436101e-01,9.497830e-02
1.62400,1.438334e-01,9.513261e-02
1.62500,1.440567e-01,9.528901e-02
1.62600,1.442800e-01,9.544749e-02
1.62700,1.445033e-01,9.560807e-02
1.62800,1.447265e-01,9.577075e-02
1.62900,1.449497e-01,9.593555e-02
1.63000,1.451729e-01,9.610248e-02
1.63100,1.453961e-01,9.627155e-02
1.63200,1.456192e-01,9.644276e-02
1.63300,1.458423e-01,9.661613e-02
1.63400,1.460654e-01,9.679166e-02
1.63500,1.462885e-01,9.696938e-02
1.63600,1.465115e-01,9.714928e-02
1.63700,1.467346e-01,9.733139e-02
1.63800,1.469576e-01,9.751571e-02
1.63900,1.471806e-01,9.770225e-02
1.64000,1.474035e-01,9.789103e-02
1.64100,1.476264e-01,9.808205e-02
1.64200,1.478494e-01,9.827533e-02
1.64300,1.480723e-01,9.847089e-02
1.64400,1.482951e-01,9.866872e-02
1.64500,1.485180e-01,9.886886e-02
1.64600,1.487408e-01,9.907130e-02
1.64700,1.489636e-01,9.927607e-02
1.64800,1.491864e-01,9.948317e-02
1.64900,1.494091e-01,9.969262e-02
1.65000,1.496319e-01,9.990444e-02
1.65100,1.498546e-01,1.001186e-01
1.65200,1.500773e-01,1.003352e-01
1.65300,1.502999e-01,1.005542e-01
1.65400,1.505226e-01,1.007756e-01
1.65500,1.507452e-01,1.009994e-01
1.65600,1.509678e-01,1.012257e-01
1.65700,1.511904e-01,1.014545e-01
1.65800,1.514129e-01,1.016857e-01
1.65900,1.516354e-01,1.019194e-01
1.66000,1.518579e-01,1.021557e-01
1.66100,1.520804e-01,1.023944e-01
1.66200,1.523029e-01,1.026357e-01
1.66300,1.525253e-01,1.028796e-01
1.66400,1.527477e-01,1.031260e-01
1.66500,1.529701e-01,1.033751e-01
1.66600,1.531925e-01,1.036267e-01
1.66700,1.534148e-01,1.038810e-01
1.66800,1.536372e-01,1.041379e-01
1.66900,1.538595e-01,1.043975e-01
1.67000,1.540818e-01,1.046598e-01
1.67100,1.543040e-01,1.049247e-01
1.67200,1.545262e-01,1.051924e-01
1.67300,1.547485e-01,1.054628e-01
1.67400,1.549707e-01,1.057360e-01
1.67500,1.551928e-01,1.060120e-01
1.67600,1.554150e-01,1.062907e-01
1.67700,1.556371e-01,1.065723e-01
1.67800,1.558592e-01,1.068567e-01
1.67900,1.560813e-01,1.071439e-01
1.68000,1.563033e-01,1.074341e-01
1.68100,1.565253e-01,1.077271e-01
1.68200,1.567474e-01,1.080231e-01
1.68300,1.569693e-01,1.083220e-01
1.68400,1.571913e-01,1.086238e-01
1.68500,1.574132e-01,1.089287e-01
1.68600,1.576352e-01,1.092366e-01
1.68700,1.578571e-01,1.095475e-01
1.68800,1.580789e-01,1.098614e-01
1.68900,1.583008e-01,1.101784e-01
1.69000,1.585226e-01,1.104986e-01
1.69100,1.587444e-01,1.108218e-01
1.69200,1.589662e-01,1.111483e-01
1.69300,1.591880e-01,1.114779e-01
1.69400,1.594097e-01,1.118107e-01
1.69500,1.596314e-01,1.121467e-01
1.69600,1.598531e-01,1.124860e-01
1.69700,1.600748e-01,1.128285e-01
1.69800,1.602964e-01,1.131744e-01
1.69900,1.605180e-01,1.135236e-01
1.70000,1.607396e-01,1.138762e-01
1.70100,1.609612e-01,1.142321e-01
1.70200,1.611828e-01,1.145915e-01
1.70300,1.614043e-01,1.149543e-01
1.70400,1.616258e-01,1.153206e-01
1.70500,1.618473e-01,1.156905e-01
1.70600,1.620688e-01,1.160638e-01
1.70700,1.622902e-01,1.164407e-01
1.70800,1.625117e-01,1.168212e-01
1.70900,1.627331e-01,1.172053e-01
1.71000,1.629544e-01,1.175931e-01
1.71100,1.631758e-01,1.179846e-01
1.71200,1.633971e-01,1.183798e-01
1.71300,1.636184e-01,1.187788e-01
1.71400,1.638397e-01,1.191815e-01
1.71500,1.640610e-01,1.195881e-01
1.71600,1.642822e-01,1.199985e-01
1.71700,1.645034e-01,1.204128e-01
1.71800,1.647246e-01,1.208311e-01
1.71900,1.649458e-01,1.212533e-01
1.72000,1.651670e-01,1.216795e-01
1.72100,1.653881e-01,1.221097e-01
1.72200,1.656092e-01,1.225440e-01
1.72300,1.658303e-01,1.229825e-01
1.72400,1.660513e-01,1.234250e-01
1.72500,1.662724e-01,1.238718e-01
1.72600,1.664934e-01,1.243228e-01
1.72700,1.667144e-01,1.247780e-01
1.72800,1.669354e-01,1.252376e-01
1.72900,1.671563e-01,1.257015e-01
1.73000,1.673772e-01,1.261698e-01
1.73100,1.675981e-01,1.266425e-01
1.73200,1.678190e-01,1.271197e-01
1.73300,1.680399e-01,1.276014e-01
1.73400,1.682607e-01,1.280876e-01
1.73500,1.684815e-01,1.285785e-01
1.73600,1.687023e-01,1.290740e-01
1.73700,1.689231e-01,1.295742e-01
1.73800,1.691438e-01,1.300792e-01
1.73900,1.693646e-01,1.305889e-01
1.74000,1.695853e-01,1.311035e-01
1.74100,1.698059e-01,1.316229e-01
1.74200,1.700266e-01,1.321473e-01
1.74300,1.702472e-01,1.326767e-01
1.74400,1.704678e-01,1.332111e-01
1.74500,1.706884e-01,1.337506e-01
1.74600,1.709090e-01,1.342952e-01
1.74700,1.711295e-01,1.348450e-01
1.74800,1.713501e-01,1.354001e-01
1.74900,1.715706e-01,1.359604e-01
1.75000,1.717910e-01,1.365261e-01
1.75100,1.720115e-01,1.370972e-01
1.75200,1.722319e-01,1.376738e-01
1.75300,1.724523e-01,1.382559e-01
1.75400,1.726727e-01,1.388435e-01
1.75500,1.728931e-01,1.394368e-01
1.75600,1.731134e-01,1.400358e-01
1.75700,1.733337e-01,1.406406e-01
1.75800,1.735540e-01,1.412512e-01
1.75900,1.737743e-01,1.418676e-01
1.76000,1.739946e-01,1.424900e-01
1.76100,1.742148e-01,1.431184e-01
1.76200,1.744350e-01,1.437529e-01
1.76300,1.746552e-01,1.443935e-01
1.76400,1.748753e-01,1.450404e-01
1.76500,1.750955e-01,1.456935e-01
1.76600,1.753156e-01,1.463529e-01
1.76700,1.755357e-01,1.470188e-01
1.76800,1.757558e-01,1.476912e-01
1.76900,1.759758e-01,1.483701e-01
1.77000,1.761958e-01,1.490557e-01
1.77100,1.764159e-01,1.497479e-01
1.77200,1.766358e-01,1.504470e-01
1.77300,1.768558e-01,1.511529e-01
1.77400,1.770757e-01,1.518657e-01
1.77500,1.772956e-01,1.525856e-01
1.77600,1.775155e-01,1.533125e-01
1.77700,1.777354e-01,1.540467e-01
1.77800,1.779553e-01,1.547881e-01
1.77900,1.781751e-01,1.555368e-01
1.78000,1.783949e-01,1.562930e-01
1.78100,1.786147e-01,1.570567e-01
1.78200,1.788344e-01,1.578280e-01
1.78300,1.790542e-01,1.586071e-01
1.78400,1.792739e-01,1.593939e-01
1.78500,1.794936e-01,1.601885e-01
1.78600,1.797132e-01,1.609912e-01
1.78700,1.799329e-01,1.618019e-01
1.78800,1.801525e-01,1.626208e-01
1.78900,1.803721e-01,1.634480e-01
1.79000,1.805917e-01,1.642835e-01
1.79100,1.808112e-01,1.651275e-01
1.79200,1.810308e-01,1.659800e-01
1.79300,1.812503e-01,1.668413e-01
1.79400,1.814698e-01,1.677113e-01
1.79500,1.816892e-01,1.685902e-01
1.79600,1.819087e-01,1.694781e-01
1.79700,1.821281e-01,1.703751e-01
1.79800,1.823475e-01,1.712813e-01
1.79900,1.825669e-01,1.721968e-01
1.80000,1.827862e-01,1.731219e-01
1.80100,1.830056e-01,1.740565e-01
1.80200,1.832249e-01,1.750007e-01
1.80300,1.834442e-01,1.759548e-01
1.80400,1.836634e-01,1.769189e-01
1.80500,1.838827e-01,1.778930e-01
1.80600,1.841019e-01,1.788773e-01
1.80700,1.843211e-01,1.798720e-01
1.80800,1.845403e-01,1.808771e-01
1.80900,1.847594e-01,1.818928e-01
1.81000,1.849786e-01,1.829192e-01
1.81100,1.851977e-01,1.839565e-01
1.81200,1.854167e-01,1.850049e-01
1.81300,1.856358e-01,1.860644e-01
1.81400,1.858549e-01,1.871352e-01
1.81500,1.860739e-01,1.882174e-01
1.81600,1.862929e-01,1.893113e-01
1.81700,1.865118e-01,1.904170e-01
1.81800,1.867308e-01,1.915346e-01
1.81900,1.869497e-01,1.926642e-01
1.82000,1.871686e-01,1.938061e-01
1.82100,1.873875e-01,1.949605e-01
1.82200,1.876064e-01,1.961274e-01
1.82300,1.878252e-01,1.973070e-01
1.82400,1.880440e-01,1.984996e-01
1.82500,1.882628e-01,1.997053e-01
1.82600,1.884816e-01,2.009243e-01
1.82700,1.887004e-01,2.021568e-01
1.82800,1.889191e-01,2.034029e-01
1.82900,1.891378e-01,2.046629e-01
1.83000,1.893565e-01,2.059369e-01
1.83100,1.895751e-01,2.072251e-01
1.83200,1.897938e-01,2.085278e-01
1.83300,1.900124e-01,2.098452e-01
1.83400,1.902310e-01,2.111774e-01
1.83500,1.904496e-01,2.125246e-01
1.83600,1.906681e-01,2.138872e-01
1.83700,1.908866e-01,2.152652e-01
1.83800,1.911051e-01,2.166590e-01
1.83900,1.913236e-01,2.180687e-01
1.84000,1.915421e-01,2.194947e-01
1.84100,1.917605e-01,2.209370e-01
1.84200,1.919789e-01,2.223960e-01
1.84300,1.921973e-01,2.238719e-01
1.84400,1.924157e-01,2.253650e-01
1.84500,1.926340e-01,2.268754e-01
1.84600,1.928524e-01,2.284036e-01
1.84700,1.930707e-01,2.299497e-01
1.84800,1.932890e-01,2.315140e-01
1.84900,1.935072e-01,2.330967e-01
1.85000,1.937255e-01,2.346982e-01
1.85100,1.939437e-01,2.363188e-01
1.85200,1.941619e-01,2.379587e-01
1.85300,1.943800e-01,2.396182e-01
1.85400,1.945982e-01,2.412977e-01
1.85500,1.948163e-01,2.429973e-01
1.85600,1.950344e-01,2.447176e-01
1.85700,1.952525e-01,2.464587e-01
1.85800,1.954706e-01,2.482210e-01
1.85900,1.956886e-01,2.500048e-01
1.86000,1.959066e-01,2.518104e-01
1.86100,1.961246e-01,2.536383e-01
1.86200,1.963426e-01,2.554887e-01
1.86300,1.965605e-01,2.573621e-01
1.86400,1.967784e-01,2.592587e-01
1.86500,1.969963e-01,2.611790e-01
1.86600,1.972142e-01,2.631233e-01
1.86700,1.974321e-01,2.650921e-01
1.86800,1.976499e-01,2.670856e-01
1.86900,1.978677e-01,2.691044e-01
1.87000,1.980855e-01,2.711488e-01
1.87100,1.983033e-01,2.732193e-01
1.87200,1.985210e-01,2.753163e-01
1.87300,1.987388e-01,2.774401e-01
1.87400,1.989565e-01,2.795914e-01
1.87500,1.991741e-01,2.817705e-01
1.87600,1.993918e-01,2.839779e-01
1.87700,1.996094e-01,2.862140e-01
1.87800,1.998270e-01,2.884794e-01
1.87900,2.000446e-01,2.907746e-01
1.88000,2.002622e-01,2.931000e-01
1.88100,2.004798e-01,2.954562e-01
1.88200,2.006973e-01,2.978437e-01
1.88300,2.009148e-01,3.002630e-01
1.88400,2.011323e-01,3.027147e-01
1.88500,2.013497e-01,3.051994e-01
1.88600,2.015672e-01,3.077177e-01
1.88700,2.017846e-01,3.102700e-01
1.88800,2.020020e-01,3.128571e-01
1.88900,2.022193e-01,3.154795e-01
1.89000,2.024367e-01,3.181378e-01
1.89100,2.026540e-01,3.208328e-01
1.89200,2.028713e-01,3.235650e-01
1.89300,2.030886e-01,3.263352e-01
1.89400,2.033058e-01,3.291440e-01
1.89500,2.035231e-01,3.319920e-01
1.89600,2.037403e-01,3.348802e-01
1.89700,2.039575e-01,3.378090e-01
1.89800,2.041746e-01,3.407794e-01
1.89900,2.043918e-01,3.437921e-01
1.90000,2.046089e-01,3.468478e-01
1.90100,2.048260e-01,3.499474e-01
1.90200,2.050431e-01,3.530917e-01
1.90300,2.052601e-01,3.562815e-01
1.90400,2.054772e-01,3.595177e-01
1.90500,2.056942e-01,3.628012e-01
1.90600,2.059112e-01,3.661328e-01
1.90700,2.061282e-01,3.695135e-01
1.90800,2.063451e-01,3.729442e-01
1.90900,2.065620e-01,3.764259e-01
1.91000,2.067789e-01,3.799595e-01
1.91100,2.069958e-01,3.835462e-01
1.91200,2.072127e-01,3.871869e-01
1.91300,2.074295e-01,3.908826e-01
1.91400,2.076463e-01,3.946346e-01
1.91500,2.078631e-01,3.984438e-01
1.91600,2.080799e-01,4.023114e-01
1.91700,2.082966e-01,4.062387e-01
1.91800,2.085133e-01,4.102267e-01
1.91900,2.087300e-01,4.142767e-01
1.92000,2.089467e-01,4.183900e-01
1.92100,2.091634e-01,4.225679e-01
1.92200,2.093800e-01,4.268116e-01
1.92300,2.095966e-01,4.311226e-01
1.92400,2.098132e-01,4.355022e-01
1.92500,2.100298e-01,4.399518e-01
1.92600,2.102463e-01,4.444730e-01
1.92700,2.104629e-01,4.490672e-01
1.92800,2.106794e-01,4.537359e-01
1.92900,2.108958e-01,4.584807e-01
1.93000,2.111123e-01,4.633033e-01
1.93100,2.113287e-01,4.682052e-01
1.93200,2.115452e-01,4.731883e-01
1.93300,2.117615e-01,4.782542e-01
1.93400,2.119779e-01,4.834047e-01
1.93500,2.121943e-01,4.886417e-01
1.93600,2.124106e-01,4.939671e-01
1.93700,2.126269e-01,4.993828e-01
1.93800,2.128432e-01,5.048909e-01
1.93900,2.130594e-01,5.104932e-01
1.94000,2.132757e-01,5.161920e-01
1.94100,2.134919e-01,5.219895e-01
1.94200,2.137081e-01,5.278878e-01
1.94300,2.139242e-01,5.338891e-01
1.94400,2.141404e-01,5.399960e-01
1.94500,2.143565e-01,5.462107e-01
1.94600,2.145726e-01,5.525358e-01
1.94700,2.147887e-01,5.589737e-01
1.94800,2.150048e-01,5.655272e-01
1.94900,2.152208e-01,5.721989e-01
1.95000,2.154368e-01,5.789915e-01
1.95100,2.156528e-01,5.859079e-01
1.95200,2.158688e-01,5.929511e-01
1.95300,2.160847e-01,6.001240e-01
1.95400,2.163006e-01,6.074298e-01
1.95500,2.165165e-01,6.148716e-01
1.95600,2.167324e-01,6.224528e-01
1.95700,2.169483e-01,6.301766e-01
1.95800,2.171641e-01,6.380466e-01
1.95900,2.173799e-01,6.460663e-01
1.96000,2.175957e-01,6.542395e-01
1.96100,2.178115e-01,6.625700e-01
1.96200,2.180273e-01,6.710615e-01
1.96300,2.182430e-01,6.797183e-01
1.96400,2.184587e-01,6.885443e-01
1.96500,2.186744e-01,6.975439e-01
1.96600,2.188900e-01,7.067215e-01
1.96700,2.191057e-01,7.160817e-01
1.96800,2.193213e-01,7.256291e-01
1.96900,2.195369e-01,7.353684e-01
1.97000,2.197525e-01,7.453048e-01
1.97100,2.199680e-01,7.554433e-01
1.97200,2.201835e-01,7.657892e-01
1.97300,2.203990e-01,7.763480e-01
1.97400,2.206145e-01,7.871252e-01
1.97500,2.208300e-01,7.981267e-01
1.97600,2.210454e-01,8.093585e-01
1.97700,2.212608e-01,8.208266e-01
1.97800,2.214762e-01,8.325376e-01
1.97900,2.216916e-01,8.444980e-01
1.98000,2.219070e-01,8.567145e-01
1.98100,2.221223e-01,8.691941e-01
1.98200,2.223376e-01,8.819442e-01
1.98300,2.225529e-01,8.949721e-01
1.98400,2.227681e-01,9.082856e-01
1.98500,2.229834e-01,9.218925e-01
1.98600,2.231986e-01,9.358013e-01
1.98700,2.234138e-01,9.500203e-01
1.98800,2.236290e-01,9.645582e-01
1.98900,2.238441e-01,9.794243e-01
1.99000,2.240593e-01,9.946278e-01
1.99100,2.242744e-01,1.010178e+00
1.99200,2.244895e-01,1.026086e+00
1.99300,2.247045e-01,1.042361e+00
1.99400,2.249196e-01,1.059015e+00
1.99500,2.251346e-01,1.076057e+00
1.99600,2.253496e-01,1.093501e+00
1.99700,2.255646e-01,1.111356e+00
1.99800,2.257795e-01,1.129636e+00
1.99900,2.259944e-01,1.148354e+00
2.00000,2.262094e-01,1.167521e+00
2.00100,2.264242e-01,1.187153e+00
2.00200,2.266391e-01,1.207262e+00
2.00300,2.268540e-01,1.227863e+00
2.00400,2.270688e-01,1.248971e+00
2.00500,2.272836e-01,1.270602e+00
2.00600,2.274984e-01,1.292771e+00
2.00700,2.277131e-01,1.315494e+00
2.00800,2.279278e-01,1.338790e+00
2.00900,2.281426e-01,1.362675e+00
2.01000,2.283572e-01,1.387168e+00
2.01100,2.285719e-01,1.412287e+00
2.01200,2.287866e-01,1.438052e+00
2.01300,2.290012e-01,1.464483e+00
2.01400,2.292158e-01,1.491601e+00
2.01500,2.294304e-01,1.519428e+00
2.01600,2.296449e-01,1.547984e+00
2.01700,2.298594e-01,1.577295e+00
2.01800,2.300740e-01,1.607382e+00
2.01900,2.302885e-01,1.638270e+00
2.02000,2.305029e-01,1.669985e+00
2.02100,2.307174e-01,1.702553e+00
2.02200,2.309318e-01,1.736000e+00
2.02300,2.311462e-01,1.770354e+00
2.02400,2.313606e-01,1.805643e+00
2.02500,2.315749e-01,1.841897e+00
2.02600,2.317893e-01,1.879146e+00
2.02700,2.320036e-01,1.917421e+00
2.02800,2.322179e-01,1.956754e+00
2.02900,2.324322e-01,1.997177e+00
2.03000,2.326464e-01,2.038724e+00
2.03100,2.328606e-01,2.081430e+00
2.03200,2.330748e-01,2.125331e+00
2.03300,2.332890e-01,2.170461e+00
2.03400,2.335032e-01,2.216858e+00
2.03500,2.337173e-01,2.264560e+00
2.03600,2.339314e-01,2.313605e+00
2.03700,2.341455e-01,2.364032e+00
2.03800,2.343596e-01,2.415882e+00
2.03900,2.345737e-01,2.469193e+00
2.04000,2.347877e-01,2.524008e+00
2.04100,2.350017e-01,2.580366e+00
2.04200,2.352157e-01,2.638309e+00
2.04300,2.354296e-01,2.697879e+00
2.04400,2.356436e-01,2.759117e+00
2.04500,2.358575e-01,2.822064e+00
2.04600,2.360714e-01,2.886759e+00
2.04700,2.362853e-01,2.953244e+00
2.04800,2.364991e-01,3.021558e+00
2.04900,2.367130e-01,3.091737e+00
2.05000,2.369268e-01,3.163818e+00
2.05100,2.371406e-01,3.237835e+00
2.05200,2.373543e-01,3.313821e+00
2.05300,2.375681e-01,3.391804e+00
2.05400,2.377818e-01,3.471810e+00
2.05500,2.379955e-01,3.553862e+00
2.05600,2.382092e-01,3.637976e+00
2.05700,2.384228e-01,3.724166e+00
2.05800,2.386364e-01,3.812439e+00
2.05900,2.388501e-01,3.902795e+00
2.06000,2.390636e-01,3.995226e+00
2.06100,2.392772e-01,4.089719e+00
2.06200,2.394908e-01,4.186248e+00
2.06300,2.397043e-01,4.284780e+00
2.06400,2.399178e-01,4.385269e+00
2.06500,2.401313e-01,4.487657e+00
2.06600,2.403447e-01,4.591874e+00
2.06700,2.405582e-01,4.697834e+00
2.06800,2.407716e-01,4.805435e+00
2.06900,2.409850e-01,4.914561e+00
2.07000,2.411983e-01,5.025075e+00
2.07100,2.414117e-01,5.136823e+00
2.07200,2.416250e-01,5.249629e+00
2.07300,2.418383e-01,5.363298e+00
2.07400,2.420516e-01,5.477611e+00
2.07500,2.422649e-01,5.592327e+00
2.07600,2.424781e-01,5.707184e+00
2.07700,2.426913e-01,5.821895e+00
2.07800,2.429045e-01,5.936148e+00
2.07900,2.431177e-01,6.049610e+00
2.08000,2.433308e-01,6.161926e+00
2.08100,2.435440e-01,6.272719e+00
2.08200,2.437571e-01,6.381591e+00
2.08300,2.439702e-01,6.488128e+00
2.08400,2.441832e-01,6.591900e+00
2.08500,2.443963e-01,6.692465e+00
2.08600,2.446093e-01,6.789369e+00
2.08700,2.448223e-01,6.882157e+00
2.08800,2.450352e-01,6.970371e+00
2.08900,2.452482e-01,7.053556e+00
2.09000,2.454611e-01,7.131267e+00
2.09100,2.456740e-01,7.203073e+00
2.09200,2.458869e-01,7.268563e+00
2.09300,2.460998e-01,7.327349e+00
2.09400,2.463126e-01,7.379076e+00
2.09500,2.465255e-01,7.423422e+00
2.09600,2.467383e-01,7.460107e+00
2.09700,2.469510e-01,7.488894e+00
2.09800,2.471638e-01,7.509597e+00
2.09900,2.473765e-01,7.522078e+00
2.10000,2.475892e-01,7.526256e+00
2.10100,2.478019e-01,7.522102e+00
2.10200,2.480146e-01,7.509645e+00
2.10300,2.482273e-01,7.488966e+00
2.10400,2.484399e-01,7.460202e+00
2.10500,2.486525e-01,7.423541e+00
2.10600,2.488651e-01,7.379219e+00
2.10700,2.490776e-01,7.327517e+00
2.10800,2.492902e-01,7.268754e+00
2.10900,2.495027e-01,7.203289e+00
2.11000,2.497152e-01,7.131506e+00
2.11100,2.499276e-01,7.053819e+00
2.11200,2.501401e-01,6.970658e+00
2.11300,2.503525e-01,6.882468e+00
2.11400,2.505649e-01,6.789704e+00
2.11500,2.507773e-01,6.692824e+00
2.11600,2.509897e-01,6.592283e+00
2.11700,2.512020e-01,6.488535e+00
2.11800,2.514143e-01,6.382022e+00
2.11900,2.516266e-01,6.273174e+00
2.12000,2.518389e-01,6.162405e+00
2.12100,2.520512e-01,6.050113e+00
2.12200,2.522634e-01,5.936675e+00
2.12300,2.524756e-01,5.822446e+00
2.12400,2.526878e-01,5.707759e+00
2.12500,2.528999e-01,5.592926e+00
2.12600,2.531121e-01,5.478233e+00
2.12700,2.533242e-01,5.363945e+00
2.12800,2.535363e-01,5.250300e+00
2.12900,2.537484e-01,5.137518e+00
2.13000,2.539605e-01,5.025794e+00
2.13100,2.541725e-01,4.915304e+00
2.13200,2.543845e-01,4.806203e+00
2.13300,2.545965e-01,4.698625e+00
2.13400,2.548085e-01,4.592689e+00
2.13500,2.550204e-01,4.488497e+00
2.13600,2.552323e-01,4.386132e+00
2.13700,2.554442e-01,4.285668e+00
2.13800,2.556561e-01,4.187160e+00
2.13900,2.558680e-01,4.090655e+00
2.14000,2.560798e-01,3.996186e+00
2.14100,2.562916e-01,3.903779e+00
2.14200,2.565034e-01,3.813447e+00
2.14300,2.567152e-01,3.725199e+00
2.14400,2.569270e-01,3.639033e+00
2.14500,2.571387e-01,3.554943e+00
2.14600,2.573504e-01,3.472915e+00
2.14700,2.575621e-01,3.392933e+00
2.14800,2.577737e-01,3.314974e+00
2.14900,2.579854e-01,3.239013e+00
2.15000,2.581970e-01,3.165020e+00
2.15100,2.584086e-01,3.092963e+00
2.15200,2.586202e-01,3.022808e+00
2.15300,2.588317e-01,2.954519e+00
2.15400,2.590433e-01,2.888058e+00
2.15500,2.592548e-01,2.823387e+00
2.15600,2.594663e-01,2.760465e+00
2.15700,2.596777e-01,2.699251e+00
2.15800,2.598892e-01,2.639706e+00
2.15900,2.601006e-01,2.581787e+00
2.16000,2.603120e-01,2.525453e+00
2.16100,2.605234e-01,2.470663e+00
2.16200,2.607347e-01,2.417376e+00
2.16300,2.609461e-01,2.365551e+00
2.16400,2.611574e-01,2.315148e+00
2.16500,2.613687e-01,2.266127e+00
2.16600,2.615800e-01,2.218450e+00
2.16700,2.617912e-01,2.172077e+00
2.16800,2.620024e-01,2.126971e+00
2.16900,2.622136e-01,2.083096e+00
2.17000,2.624248e-01,2.040414e+00
2.17100,2.626360e-01,1.998891e+00
2.17200,2.628471e-01,1.958493e+00
2.17300,2.630582e-01,1.919185e+00
2.17400,2.632693e-01,1.880935e+00
2.17500,2.634804e-01,1.843710e+00
2.17600,2.636915e-01,1.807481e+00
2.17700,2.639025e-01,1.772216e+00
2.17800,2.641135e-01,1.737887e+00
2.17900,2.643245e-01,1.704465e+00
2.18000,2.645355e-01,1.671922e+00
2.18100,2.647464e-01,1.640231e+00
2.18200,2.649573e-01,1.609368e+00
2.18300,2.651682e-01,1.579305e+00
2.18400,2.653791e-01,1.550020e+00
2.18500,2.655900e-01,1.521488e+00
2.18600,2.658008e-01,1.493687e+00
2.18700,2.660116e-01,1.466594e+00
2.18800,2.662224e-01,1.440187e+00
2.18900,2.664332e-01,1.414447e+00
2.19000,2.666439e-01,1.389353e+00
2.19100,2.668547e-01,1.364885e+00
2.19200,2.670654e-01,1.341025e+00
2.19300,2.672761e-01,1.317755e+00
2.19400,2.674867e-01,1.295056e+00
2.19500,2.676974e-01,1.272912e+00
2.19600,2.679080e-01,1.251307e+00
2.19700,2.681186e-01,1.230224e+00
2.19800,2.683292e-01,1.209648e+00
2.19900,2.685397e-01,1.189564e+00
2.20000,2.687502e-01,1.169958e+00
